peptide,conf
AAA,-1.03
AAC,-0.84
AAD,-0.97
AAE,-0.76
AAF,-1.07
AAG,-0.82
AAH,-1.38
AAI,-0.63
AAK,-0.99
AAL,-0.84
AAM,-0.74
AAN,-0.75
AAP,-0.40
AAQ,-0.64
AAR,-0.76
AAS,-1.01
AAT,-0.43
AAV,-0.55
AAW,-1.05
AAY,-0.75
ACA,-0.97
ACC,-1.26
ACD,-1.17
ACE,-0.67
ACF,-0.58
ACG,-0.57
ACH,-0.84
ACI,-0.63
ACK,-1.23
ACL,-0.93
ACM,-0.76
ACN,-0.79
ACP,-0.52
ACQ,-0.78
ACR,-1.13
ACS,-1.16
ACT,-1.82
ACV,-0.89
ACW,-0.97
ACY,-1.23
ADA,-0.78
ADC,-1.21
ADD,-0.52
ADE,-0.66
ADF,-1.10
ADG,0.52
ADH,-1.27
ADI,-1.29
ADK,-0.67
ADL,-1.03
ADM,-1.61
ADN,-0.76
ADP,-0.44
ADQ,-1.63
ADR,-0.97
ADS,-0.50
ADT,-1.46
ADV,-0.84
ADW,-0.98
ADY,-1.32
AEA,-1.00
AEC,-1.40
AED,0.05
AEE,-0.31
AEF,-1.51
AEG,0.35
AEH,-1.14
AEI,-1.47
AEK,-0.97
AEL,-1.30
AEM,-1.72
AEN,-0.40
AEP,-0.33
AEQ,-1.16
AER,-0.78
AES,-0.90
AET,-1.21
AEV,-1.19
AEW,-1.28
AEY,-1.16
AFA,-1.14
AFC,-1.25
AFD,-1.29
AFE,-1.41
AFF,-1.27
AFG,-0.62
AFH,-0.93
AFI,-1.50
AFK,-1.28
AFL,-1.07
AFM,-1.57
AFN,-0.89
AFP,-0.41
AFQ,-1.42
AFR,-1.63
AFS,-1.28
AFT,-1.16
AFV,-0.91
AFW,-0.97
AFY,-0.91
AGA,-0.60
AGC,-0.55
AGD,0.16
AGE,-0.55
AGF,-0.69
AGG,-1.26
AGH,-1.23
AGI,-0.74
AGK,-0.71
AGL,-0.31
AGM,-0.67
AGN,-0.85
AGP,-0.21
AGQ,-0.17
AGR,-1.61
AGS,-0.55
AGT,-0.59
AGV,-0.84
AGW,-1.01
AGY,-0.75
AHA,-0.51
AHC,-0.39
AHD,-0.96
AHE,-0.62
AHF,-0.83
AHG,-0.02
AHH,-0.86
AHI,-1.38
AHK,-0.96
AHL,-1.14
AHM,-0.63
AHN,-0.45
AHP,-0.34
AHQ,-0.45
AHR,-0.90
AHS,-0.58
AHT,-0.62
AHV,-1.16
AHW,-0.65
AHY,-0.92
AIA,-0.60
AIC,-0.66
AID,-0.71
AIE,-1.07
AIF,-0.19
AIG,-0.37
AIH,-1.24
AII,-0.44
AIK,-1.04
AIL,-0.77
AIM,-0.88
AIN,-1.23
AIP,-0.67
AIQ,-1.03
AIR,-1.04
AIS,-1.01
AIT,-1.25
AIV,-0.76
AIW,-0.37
AIY,-0.40
AKA,-1.18
AKC,-1.05
AKD,-1.48
AKE,-0.74
AKF,-0.90
AKG,-1.06
AKH,-1.56
AKI,-0.76
AKK,-0.81
AKL,-1.15
AKM,-1.22
AKN,-1.28
AKP,-0.66
AKQ,-1.37
AKR,-1.51
AKS,-1.62
AKT,-1.10
AKV,-1.37
AKW,-0.93
AKY,-0.49
ALA,-0.70
ALC,-0.62
ALD,-0.86
ALE,-0.71
ALF,-1.33
ALG,-0.26
ALH,-0.45
ALI,-0.75
ALK,-0.86
ALL,-0.88
ALM,-0.65
ALN,-1.25
ALP,-0.63
ALQ,-0.94
ALR,-1.14
ALS,-0.78
ALT,-1.06
ALV,-0.87
ALW,-0.70
ALY,-0.69
AMA,-1.04
AMC,-1.25
AMD,-1.22
AME,-0.69
AMF,-1.33
AMG,-0.66
AMH,-0.63
AMI,-1.34
AMK,-1.93
AML,-0.96
AMM,-1.27
AMN,-1.18
AMP,-0.54
AMQ,-1.43
AMR,-1.32
AMS,-1.48
AMT,-1.68
AMV,-0.92
AMW,-1.03
AMY,-0.91
ANA,-0.93
ANC,-0.77
AND,-0.74
ANE,0.08
ANF,-1.07
ANG,-0.82
ANH,-0.71
ANI,-0.68
ANK,-1.26
ANL,-0.65
ANM,-1.18
ANN,-0.87
ANP,-0.51
ANQ,-0.59
ANR,-1.60
ANS,-0.54
ANT,-1.36
ANV,-0.63
ANW,-1.45
ANY,-1.44
APA,-0.33
APC,-0.47
APD,-0.53
APE,-0.57
APF,-0.69
APG,-0.38
APH,-0.45
API,-0.70
APK,-0.57
APL,-0.74
APM,-1.26
APN,-0.40
APP,-0.02
APQ,-0.40
APR,-1.25
APS,-0.38
APT,-0.56
APV,-0.45
APW,-0.73
APY,-0.52
AQA,-0.94
AQC,-1.14
AQD,-0.86
AQE,-0.40
AQF,-1.05
AQG,-0.67
AQH,-1.04
AQI,-0.81
AQK,-0.96
AQL,-0.73
AQM,-1.39
AQN,-1.20
AQP,-0.52
AQQ,-1.13
AQR,-1.54
AQS,-0.83
AQT,-1.10
AQV,-0.98
AQW,-0.92
AQY,-0.60
ARA,-1.03
ARC,-1.39
ARD,-0.76
ARE,-1.02
ARF,-1.33
ARG,-0.76
ARH,-1.13
ARI,-1.08
ARK,-1.01
ARL,-1.11
ARM,-1.08
ARN,-1.01
ARP,-0.41
ARQ,-1.05
ARR,-1.83
ARS,-0.49
ART,-1.59
ARV,-0.49
ARW,-1.24
ARY,-0.77
ASA,-0.68
ASC,-1.39
ASD,-0.85
ASE,-1.40
ASF,-1.13
ASG,-0.74
ASH,-1.43
ASI,-0.60
ASK,-1.22
ASL,-1.02
ASM,-0.93
ASN,-1.07
ASP,-0.69
ASQ,-0.81
ASR,-1.03
ASS,-0.99
AST,-1.27
ASV,-0.95
ASW,-1.20
ASY,-1.08
ATA,-1.03
ATC,-1.08
ATD,-0.44
ATE,-1.04
ATF,-0.96
ATG,-0.52
ATH,-0.50
ATI,-1.78
ATK,-0.85
ATL,-1.05
ATM,-1.32
ATN,-0.74
ATP,-0.62
ATQ,-1.36
ATR,-1.19
ATS,-1.22
ATT,-1.13
ATV,-0.70
ATW,-0.81
ATY,-0.07
AVA,-0.66
AVC,-0.59
AVD,-0.52
AVE,-0.46
AVF,-0.88
AVG,-0.62
AVH,-0.48
AVI,-1.07
AVK,-0.26
AVL,-0.75
AVM,-0.65
AVN,-0.71
AVP,-0.65
AVQ,-0.43
AVR,-1.24
AVS,-0.46
AVT,-1.20
AVV,-0.64
AVW,-0.70
AVY,-0.31
AWA,-1.16
AWC,-1.47
AWD,-1.37
AWE,-1.48
AWF,-1.48
AWG,-1.08
AWH,-1.47
AWI,-1.80
AWK,-1.39
AWL,-1.20
AWM,-1.75
AWN,-1.29
AWP,-0.40
AWQ,-1.22
AWR,-1.43
AWS,-1.33
AWT,-1.67
AWV,-1.35
AWW,-1.22
AWY,-1.24
AYA,-0.68
AYC,-1.10
AYD,-1.64
AYE,-1.16
AYF,-0.96
AYG,-0.86
AYH,-1.00
AYI,-1.07
AYK,-1.83
AYL,-1.07
AYM,-1.74
AYN,-1.26
AYP,-0.15
AYQ,-1.76
AYR,-0.82
AYS,-0.84
AYT,-1.22
AYV,-0.92
AYW,-0.81
AYY,-0.85
CAA,-0.95
CAC,-0.95
CAD,-1.13
CAE,-0.63
CAF,-0.83
CAG,-0.72
CAH,-1.77
CAI,-1.21
CAK,-0.58
CAL,-1.20
CAM,-1.49
CAN,-1.10
CAP,-0.78
CAQ,-0.33
CAR,-1.09
CAS,-1.09
CAT,-1.13
CAV,-1.27
CAW,-1.39
CAY,-0.65
CCA,-0.97
CCC,-1.00
CCD,-1.62
CCE,-1.02
CCF,-1.55
CCG,-0.56
CCH,-1.06
CCI,-1.58
CCK,-0.88
CCL,-0.99
CCM,-1.16
CCN,-0.52
CCP,-0.67
CCQ,-1.32
CCR,-1.17
CCS,-1.50
CCT,-2.22
CCV,-1.40
CCW,-0.73
CCY,-1.37
CDA,-1.40
CDC,-0.88
CDD,0.56
CDE,-0.23
CDF,-1.75
CDG,-1.24
CDH,-0.90
CDI,-1.75
CDK,-0.82
CDL,-1.51
CDM,-1.56
CDN,-0.72
CDP,-0.54
CDQ,-1.67
CDR,-1.47
CDS,-1.49
CDT,-0.44
CDV,-1.43
CDW,-1.54
CDY,-1.53
CEA,-2.16
CEC,-1.16
CED,0.06
CEE,0.33
CEF,-1.16
CEG,0.11
CEH,-1.69
CEI,-2.26
CEK,-0.62
CEL,-1.66
CEM,-2.00
CEN,-0.49
CEP,-0.90
CEQ,-1.01
CER,-0.74
CES,-0.65
CET,-1.12
CEV,-2.18
CEW,-1.32
CEY,-1.47
CFA,-1.00
CFC,-1.18
CFD,-1.23
CFE,-1.15
CFF,-1.37
CFG,-1.08
CFH,-1.82
CFI,-1.25
CFK,-1.59
CFL,-1.05
CFM,-1.34
CFN,-1.76
CFP,-1.01
CFQ,-1.40
CFR,-1.10
CFS,-1.28
CFT,-1.71
CFV,-1.36
CFW,-1.35
CFY,-0.62
CGA,-0.73
CGC,-0.66
CGD,-0.54
CGE,-1.04
CGF,-0.83
CGG,-0.73
CGH,-1.41
CGI,-0.89
CGK,-0.36
CGL,-0.69
CGM,-1.06
CGN,-1.12
CGP,-0.61
CGQ,-0.61
CGR,-1.57
CGS,-1.25
CGT,-1.09
CGV,-0.61
CGW,-0.71
CGY,-1.19
CHA,-0.28
CHC,-0.60
CHD,-0.09
CHE,-0.82
CHF,-0.69
CHG,0.06
CHH,-0.29
CHI,-1.32
CHK,-0.25
CHL,-0.76
CHM,-1.63
CHN,-0.99
CHP,-0.94
CHQ,-0.66
CHR,-1.12
CHS,-0.65
CHT,-1.03
CHV,-0.85
CHW,-0.93
CHY,-1.22
CIA,-0.78
CIC,-1.00
CID,-1.11
CIE,-1.16
CIF,-0.74
CIG,-0.62
CIH,-0.82
CII,-0.91
CIK,-0.93
CIL,-0.68
CIM,-0.64
CIN,-1.11
CIP,-1.12
CIQ,-0.89
CIR,-1.12
CIS,-1.06
CIT,-1.17
CIV,-0.65
CIW,-0.87
CIY,-0.53
CKA,-0.62
CKC,-1.38
CKD,-1.67
CKE,-0.82
CKF,-0.87
CKG,-0.96
CKH,-1.86
CKI,-0.99
CKK,-1.83
CKL,-0.87
CKM,-1.40
CKN,-1.64
CKP,-0.53
CKQ,-1.63
CKR,-1.32
CKS,-0.95
CKT,-1.30
CKV,-1.22
CKW,-0.93
CKY,-0.91
CLA,-0.94
CLC,-0.99
CLD,-1.22
CLE,-0.96
CLF,-0.65
CLG,-0.61
CLH,-0.80
CLI,-1.17
CLK,-1.34
CLL,-1.00
CLM,-1.12
CLN,-1.37
CLP,-0.91
CLQ,-1.07
CLR,-0.90
CLS,-0.97
CLT,-1.16
CLV,-0.91
CLW,-1.04
CLY,-0.74
CMA,-1.13
CMC,-1.39
CMD,-1.36
CME,-1.63
CMF,-1.06
CMG,-1.52
CMH,-1.24
CMI,-1.49
CMK,-1.31
CML,-0.87
CMM,-1.55
CMN,-1.60
CMP,-1.09
CMQ,-1.48
CMR,-0.93
CMS,-0.96
CMT,-1.78
CMV,-1.17
CMW,-1.19
CMY,-0.98
CNA,-1.02
CNC,-1.03
CND,-0.32
CNE,-1.18
CNF,-1.41
CNG,0.29
CNH,-0.94
CNI,-1.20
CNK,-0.49
CNL,-1.11
CNM,-1.49
CNN,0.25
CNP,-0.95
CNQ,-0.87
CNR,-1.40
CNS,-0.68
CNT,-1.13
CNV,-1.36
CNW,-1.38
CNY,-0.71
CPA,-0.35
CPC,-0.59
CPD,-0.62
CPE,-1.02
CPF,-0.79
CPG,-0.05
CPH,-0.71
CPI,-0.98
CPK,-0.83
CPL,-0.90
CPM,-1.01
CPN,-0.16
CPP,-0.20
CPQ,-0.68
CPR,-0.95
CPS,-0.47
CPT,-0.39
CPV,-1.00
CPW,-0.91
CPY,-0.57
CQA,-0.56
CQC,-1.01
CQD,0.23
CQE,-0.50
CQF,-1.11
CQG,-0.32
CQH,-0.87
CQI,-1.74
CQK,-0.86
CQL,-0.96
CQM,-1.34
CQN,-1.38
CQP,-0.69
CQQ,-0.34
CQR,-0.76
CQS,-0.47
CQT,-1.19
CQV,-1.34
CQW,-0.67
CQY,-1.04
CRA,-0.81
CRC,-1.30
CRD,-1.14
CRE,-0.55
CRF,-1.35
CRG,-1.48
CRH,-0.75
CRI,-1.65
CRK,-1.47
CRL,-0.70
CRM,-0.92
CRN,-0.57
CRP,-1.07
CRQ,-0.92
CRR,-0.95
CRS,-1.02
CRT,-1.04
CRV,-0.76
CRW,-1.29
CRY,-0.98
CSA,-0.38
CSC,-1.28
CSD,0.35
CSE,-0.92
CSF,-0.76
CSG,-1.14
CSH,-1.45
CSI,-1.79
CSK,-0.89
CSL,-1.32
CSM,-1.32
CSN,-1.87
CSP,-0.97
CSQ,-1.16
CSR,-1.41
CSS,-1.06
CST,-1.54
CSV,-0.82
CSW,-1.24
CSY,-0.74
CTA,-1.02
CTC,-0.84
CTD,-0.13
CTE,-0.56
CTF,-1.70
CTG,-0.35
CTH,-0.66
CTI,-1.71
CTK,-1.30
CTL,-0.83
CTM,-1.29
CTN,-0.83
CTP,-0.77
CTQ,-0.76
CTR,-1.32
CTS,-1.06
CTT,-1.25
CTV,-0.90
CTW,-1.62
CTY,-0.42
CVA,-0.94
CVC,-1.25
CVD,-0.80
CVE,-0.92
CVF,-0.60
CVG,-0.26
CVH,-1.03
CVI,-1.38
CVK,-1.29
CVL,-0.85
CVM,-1.42
CVN,-0.74
CVP,-0.85
CVQ,-0.86
CVR,-0.97
CVS,-0.77
CVT,-1.05
CVV,-1.06
CVW,-0.70
CVY,-0.25
CWA,-1.43
CWC,-1.46
CWD,-1.44
CWE,-1.71
CWF,-1.21
CWG,-1.20
CWH,-1.72
CWI,-1.88
CWK,-1.72
CWL,-1.38
CWM,-1.45
CWN,-1.45
CWP,-0.55
CWQ,-1.47
CWR,-1.38
CWS,-1.41
CWT,-1.93
CWV,-1.62
CWW,-0.66
CWY,-1.34
CYA,-0.89
CYC,-1.05
CYD,-1.29
CYE,-1.30
CYF,-0.84
CYG,-1.07
CYH,-1.75
CYI,-1.12
CYK,-1.43
CYL,-1.05
CYM,-1.31
CYN,-1.49
CYP,-0.73
CYQ,-1.50
CYR,-0.98
CYS,-1.18
CYT,-1.31
CYV,-1.00
CYW,-1.26
CYY,-0.77
DAA,-1.09
DAC,-0.64
DAD,-0.66
DAE,-1.33
DAF,-0.81
DAG,-0.29
DAH,-1.03
DAI,-0.76
DAK,-0.69
DAL,-1.20
DAM,-1.11
DAN,-1.09
DAP,-0.72
DAQ,-0.86
DAR,-0.83
DAS,-0.73
DAT,-0.74
DAV,-0.91
DAW,-1.46
DAY,-0.91
DCA,-1.63
DCC,-1.06
DCD,-0.79
DCE,-1.62
DCF,-1.61
DCG,-0.80
DCH,-1.05
DCI,-1.82
DCK,-1.78
DCL,-1.65
DCM,-1.52
DCN,-1.69
DCP,-1.35
DCQ,-0.58
DCR,-1.21
DCS,-1.17
DCT,-0.89
DCV,-1.58
DCW,-1.27
DCY,-1.25
DDA,-1.48
DDC,-1.32
DDD,-0.73
DDE,-1.28
DDF,-0.87
DDG,-0.82
DDH,-1.25
DDI,-1.04
DDK,-1.42
DDL,-1.04
DDM,-1.77
DDN,-1.20
DDP,-0.79
DDQ,-1.00
DDR,-1.76
DDS,-1.75
DDT,-2.34
DDV,-0.81
DDW,-1.14
DDY,-1.68
DEA,-1.49
DEC,-1.96
DED,-1.03
DEE,-0.49
DEF,-1.18
DEG,-1.24
DEH,-0.68
DEI,-1.55
DEK,-1.43
DEL,-1.58
DEM,-0.80
DEN,-1.04
DEP,-0.65
DEQ,-0.84
DER,-1.16
DES,-1.00
DET,-0.70
DEV,-1.54
DEW,-1.79
DEY,-1.20
DFA,-1.17
DFC,-1.34
DFD,-1.92
DFE,-1.47
DFF,-1.51
DFG,-1.23
DFH,-1.39
DFI,-1.49
DFK,-1.71
DFL,-1.50
DFM,-2.19
DFN,-0.86
DFP,-1.07
DFQ,-1.68
DFR,-1.25
DFS,-1.18
DFT,-1.57
DFV,-1.48
DFW,-1.50
DFY,-1.36
DGA,-1.98
DGC,-2.26
DGD,-0.96
DGE,-1.02
DGF,-1.33
DGG,-1.22
DGH,-1.60
DGI,-1.56
DGK,-1.26
DGL,-1.60
DGM,-0.72
DGN,-0.71
DGP,-1.35
DGQ,-1.17
DGR,-1.37
DGS,-1.75
DGT,-0.80
DGV,-1.36
DGW,-1.28
DGY,-1.47
DHA,-0.73
DHC,-0.58
DHD,-0.59
DHE,-0.64
DHF,-1.51
DHG,-0.58
DHH,-0.46
DHI,-1.21
DHK,-0.79
DHL,-1.38
DHM,-1.13
DHN,-0.37
DHP,-0.63
DHQ,-0.69
DHR,-1.22
DHS,-0.42
DHT,-0.67
DHV,-0.57
DHW,-1.53
DHY,-0.89
DIA,-0.73
DIC,-1.58
DID,-2.04
DIE,-1.68
DIF,-1.49
DIG,-0.44
DIH,-1.81
DII,-1.67
DIK,-1.25
DIL,-1.48
DIM,-1.17
DIN,-1.78
DIP,-0.93
DIQ,-0.92
DIR,-0.84
DIS,-1.11
DIT,-1.28
DIV,-1.47
DIW,-1.88
DIY,-0.95
DKA,-1.32
DKC,-1.10
DKD,-1.51
DKE,-0.42
DKF,-1.11
DKG,-1.05
DKH,-1.54
DKI,-0.57
DKK,-1.47
DKL,-1.52
DKM,-1.81
DKN,-1.28
DKP,-0.52
DKQ,-1.47
DKR,-1.40
DKS,-1.52
DKT,-1.33
DKV,-0.84
DKW,-1.29
DKY,-1.30
DLA,-0.35
DLC,-0.77
DLD,-1.33
DLE,-1.26
DLF,-0.95
DLG,-0.68
DLH,-0.61
DLI,-1.51
DLK,-1.21
DLL,-1.46
DLM,-1.28
DLN,-0.59
DLP,-1.12
DLQ,-1.34
DLR,-1.41
DLS,-0.77
DLT,-1.04
DLV,-1.10
DLW,-1.60
DLY,-1.02
DMA,-1.85
DMC,-1.20
DMD,-1.57
DME,-1.85
DMF,-1.58
DMG,-1.06
DMH,-0.44
DMI,-1.71
DMK,-2.03
DML,-1.66
DMM,-1.64
DMN,-1.27
DMP,-1.12
DMQ,-1.35
DMR,-1.64
DMS,-1.49
DMT,-2.28
DMV,-1.61
DMW,-0.86
DMY,-1.08
DNA,-0.89
DNC,-0.67
DND,-0.48
DNE,-0.42
DNF,-1.08
DNG,-0.39
DNH,-1.14
DNI,-1.04
DNK,-1.10
DNL,-1.36
DNM,-1.40
DNN,-0.83
DNP,-0.73
DNQ,-1.28
DNR,-1.78
DNS,-0.65
DNT,-0.75
DNV,-1.31
DNW,-1.03
DNY,-1.12
DPA,-0.34
DPC,-0.84
DPD,-0.81
DPE,-0.47
DPF,-0.95
DPG,-0.19
DPH,-0.76
DPI,-1.30
DPK,-1.06
DPL,-1.34
DPM,-0.64
DPN,-0.70
DPP,-0.42
DPQ,-0.73
DPR,-0.60
DPS,-0.88
DPT,-0.92
DPV,-1.18
DPW,-0.97
DPY,-0.67
DQA,-1.54
DQC,-1.34
DQD,-1.38
DQE,-0.59
DQF,-1.09
DQG,-0.67
DQH,-0.75
DQI,-1.64
DQK,-1.01
DQL,-1.56
DQM,-1.66
DQN,-0.51
DQP,-0.48
DQQ,-0.54
DQR,-1.03
DQS,-1.14
DQT,-2.12
DQV,-0.76
DQW,-1.49
DQY,-1.23
DRA,-1.16
DRC,-1.02
DRD,-0.83
DRE,-0.42
DRF,-1.10
DRG,-0.82
DRH,-1.23
DRI,-1.27
DRK,-1.70
DRL,-1.48
DRM,-1.68
DRN,-0.64
DRP,-0.46
DRQ,0.16
DRR,-1.52
DRS,-1.48
DRT,-1.10
DRV,-1.23
DRW,-1.22
DRY,-1.40
DSA,-1.10
DSC,-1.00
DSD,-1.15
DSE,-1.19
DSF,-1.37
DSG,-0.77
DSH,-1.46
DSI,-0.71
DSK,-0.81
DSL,-0.83
DSM,-1.39
DSN,-1.30
DSP,-0.70
DSQ,-1.05
DSR,-0.80
DSS,-1.06
DST,-0.90
DSV,-0.77
DSW,-1.51
DSY,-1.40
DTA,-0.76
DTC,-1.35
DTD,-0.57
DTE,-0.76
DTF,-1.31
DTG,-0.56
DTH,-0.93
DTI,-0.64
DTK,-0.63
DTL,-0.65
DTM,-1.30
DTN,-0.90
DTP,-0.91
DTQ,-1.04
DTR,-0.56
DTS,-1.08
DTT,-0.64
DTV,-0.88
DTW,-1.28
DTY,-0.72
DVA,-0.42
DVC,-1.33
DVD,-1.00
DVE,-1.25
DVF,-1.36
DVG,-0.93
DVH,-0.64
DVI,-0.59
DVK,-1.14
DVL,-0.77
DVM,-0.82
DVN,-1.01
DVP,-1.16
DVQ,-1.33
DVR,-0.89
DVS,-0.95
DVT,-0.87
DVV,-1.45
DVW,-1.16
DVY,-0.85
DWA,-1.56
DWC,-1.86
DWD,-1.85
DWE,-1.63
DWF,-1.49
DWG,-1.57
DWH,-1.68
DWI,-1.94
DWK,-1.93
DWL,-1.41
DWM,-1.52
DWN,-1.79
DWP,-1.09
DWQ,-1.95
DWR,-2.06
DWS,-1.84
DWT,-1.84
DWV,-1.58
DWW,-1.38
DWY,-1.26
DYA,-1.11
DYC,-1.39
DYD,-1.83
DYE,-1.41
DYF,-1.25
DYG,-1.51
DYH,-1.50
DYI,-1.28
DYK,-1.22
DYL,-1.35
DYM,-1.58
DYN,-1.77
DYP,-0.67
DYQ,-1.59
DYR,-1.36
DYS,-1.85
DYT,-1.37
DYV,-1.16
DYW,-1.58
DYY,-1.55
EAA,-1.34
EAC,-0.93
EAD,-1.21
EAE,-1.09
EAF,-1.35
EAG,-0.97
EAH,-1.64
EAI,-0.82
EAK,-0.75
EAL,-0.80
EAM,-1.13
EAN,-0.82
EAP,-0.77
EAQ,-1.02
EAR,-1.85
EAS,-1.34
EAT,-1.25
EAV,-0.99
EAW,-1.56
EAY,-1.16
ECA,-0.95
ECC,-1.38
ECD,-1.29
ECE,-1.39
ECF,-1.28
ECG,-0.83
ECH,-1.39
ECI,-2.28
ECK,-2.47
ECL,-1.05
ECM,-1.63
ECN,-1.42
ECP,-1.58
ECQ,-1.06
ECR,-1.94
ECS,-1.02
ECT,-1.59
ECV,-1.24
ECW,-1.29
ECY,-1.17
EDA,-0.67
EDC,-1.44
EDD,-0.76
EDE,-0.92
EDF,-1.42
EDG,-1.39
EDH,-1.58
EDI,-1.75
EDK,-1.03
EDL,-1.10
EDM,-1.33
EDN,-1.26
EDP,-0.75
EDQ,-0.61
EDR,-1.89
EDS,-1.36
EDT,-2.08
EDV,-0.93
EDW,-1.14
EDY,-1.50
EEA,-1.02
EEC,-1.63
EED,-0.75
EEE,-1.13
EEF,-1.37
EEG,-0.97
EEH,-1.20
EEI,-1.97
EEK,-0.65
EEL,-1.57
EEM,-1.85
EEN,-0.98
EEP,-0.53
EEQ,-1.83
EER,-1.27
EES,-0.59
EET,-1.62
EEV,-1.09
EEW,-1.77
EEY,-0.71
EFA,-1.40
EFC,-1.72
EFD,-1.79
EFE,-1.42
EFF,-1.20
EFG,-1.05
EFH,-1.25
EFI,-1.56
EFK,-1.86
EFL,-1.59
EFM,-1.75
EFN,-1.38
EFP,-1.26
EFQ,-1.44
EFR,-2.04
EFS,-1.55
EFT,-1.81
EFV,-1.24
EFW,-1.33
EFY,-1.03
EGA,-0.45
EGC,-0.59
EGD,-1.02
EGE,-0.50
EGF,-0.97
EGG,-1.02
EGH,-1.29
EGI,-1.09
EGK,-0.67
EGL,-0.68
EGM,-1.44
EGN,-0.91
EGP,-0.56
EGQ,-0.95
EGR,-1.62
EGS,-1.22
EGT,-1.10
EGV,-0.87
EGW,-1.02
EGY,-0.77
EHA,-1.37
EHC,-0.85
EHD,-0.82
EHE,-1.29
EHF,-1.10
EHG,-0.92
EHH,-1.18
EHI,-0.88
EHK,-1.14
EHL,-1.41
EHM,-1.07
EHN,-0.70
EHP,-0.34
EHQ,-0.79
EHR,-0.83
EHS,-0.74
EHT,-1.75
EHV,-1.04
EHW,-1.36
EHY,-1.59
EIA,-1.64
EIC,-1.69
EID,-1.73
EIE,-1.71
EIF,-0.82
EIG,-0.67
EIH,-2.09
EII,-2.00
EIK,-1.74
EIL,-1.77
EIM,-1.24
EIN,-1.39
EIP,-1.19
EIQ,-1.42
EIR,-1.83
EIS,-1.74
EIT,-1.70
EIV,-2.04
EIW,-1.55
EIY,-1.16
EKA,-1.55
EKC,-1.18
EKD,-1.21
EKE,-1.29
EKF,-0.89
EKG,-1.35
EKH,-1.75
EKI,-1.18
EKK,-1.95
EKL,-1.20
EKM,-1.78
EKN,-0.98
EKP,-0.61
EKQ,-1.45
EKR,-1.66
EKS,-1.61
EKT,-1.02
EKV,-0.56
EKW,-1.90
EKY,-1.75
ELA,-1.44
ELC,-1.41
ELD,-1.57
ELE,-1.19
ELF,-1.89
ELG,-1.23
ELH,-1.10
ELI,-1.79
ELK,-1.85
ELL,-0.99
ELM,-1.72
ELN,-0.86
ELP,-0.89
ELQ,-0.84
ELR,-1.19
ELS,-1.42
ELT,-1.94
ELV,-1.45
ELW,-1.54
ELY,-0.60
EMA,-1.31
EMC,-1.32
EMD,-1.67
EME,-1.63
EMF,-1.55
EMG,-1.59
EMH,-1.31
EMI,-1.41
EMK,-1.54
EML,-1.32
EMM,-1.22
EMN,-1.29
EMP,-1.06
EMQ,-1.92
EMR,-0.99
EMS,-1.87
EMT,-1.59
EMV,-2.42
EMW,-1.77
EMY,-1.79
ENA,-1.05
ENC,-1.01
END,-1.34
ENE,-1.11
ENF,-0.92
ENG,-1.46
ENH,-1.58
ENI,-0.51
ENK,-0.75
ENL,-1.42
ENM,-1.38
ENN,-1.15
ENP,-0.49
ENQ,-1.25
ENR,-1.34
ENS,-0.51
ENT,-1.35
ENV,-0.71
ENW,-1.52
ENY,-1.73
EPA,-0.45
EPC,-0.51
EPD,-0.56
EPE,-0.66
EPF,-1.35
EPG,-0.23
EPH,-1.00
EPI,-0.69
EPK,-0.92
EPL,-1.41
EPM,-1.05
EPN,-0.77
EPP,-0.76
EPQ,-0.96
EPR,-1.09
EPS,-0.73
EPT,-0.56
EPV,-0.86
EPW,-1.08
EPY,-0.81
EQA,-1.13
EQC,-1.58
EQD,-0.71
EQE,-0.86
EQF,-1.58
EQG,-0.85
EQH,-1.23
EQI,-2.01
EQK,-0.92
EQL,-1.53
EQM,-0.92
EQN,-1.26
EQP,-0.62
EQQ,-1.42
EQR,-1.68
EQS,-1.59
EQT,-0.74
EQV,-1.04
EQW,-1.14
EQY,-1.33
ERA,-1.52
ERC,-1.43
ERD,-1.31
ERE,-1.17
ERF,-1.57
ERG,-1.24
ERH,-1.65
ERI,-1.12
ERK,-1.34
ERL,-1.33
ERM,-1.50
ERN,-1.23
ERP,-0.55
ERQ,-1.45
ERR,-1.90
ERS,-0.73
ERT,-0.62
ERV,-1.18
ERW,-1.96
ERY,-1.56
ESA,-1.05
ESC,-1.29
ESD,-1.01
ESE,-1.81
ESF,-1.44
ESG,-0.87
ESH,-1.92
ESI,-0.74
ESK,-1.25
ESL,-0.60
ESM,-1.82
ESN,-1.26
ESP,-0.59
ESQ,-1.15
ESR,-1.89
ESS,-1.16
EST,-1.38
ESV,-0.67
ESW,-1.09
ESY,-1.34
ETA,-0.95
ETC,-0.87
ETD,-1.51
ETE,-0.97
ETF,-1.09
ETG,-0.94
ETH,-0.95
ETI,-0.85
ETK,-0.78
ETL,-1.23
ETM,-1.01
ETN,-0.80
ETP,-1.01
ETQ,-1.38
ETR,-1.11
ETS,-1.37
ETT,-0.80
ETV,-0.94
ETW,-1.51
ETY,-0.56
EVA,-1.02
EVC,-0.87
EVD,-1.00
EVE,-1.54
EVF,-1.45
EVG,-0.65
EVH,-1.49
EVI,-2.55
EVK,-0.95
EVL,-2.06
EVM,-1.32
EVN,-0.81
EVP,-1.00
EVQ,-1.43
EVR,-1.27
EVS,-1.04
EVT,-0.87
EVV,-1.51
EVW,-1.67
EVY,-1.67
EWA,-1.67
EWC,-1.96
EWD,-1.79
EWE,-1.60
EWF,-1.98
EWG,-1.46
EWH,-1.44
EWI,-1.61
EWK,-2.42
EWL,-1.62
EWM,-2.05
EWN,-2.22
EWP,-1.05
EWQ,-1.64
EWR,-1.31
EWS,-1.56
EWT,-1.92
EWV,-2.02
EWW,-1.54
EWY,-1.21
EYA,-1.10
EYC,-1.56
EYD,-1.55
EYE,-1.42
EYF,-1.22
EYG,-1.44
EYH,-0.76
EYI,-1.41
EYK,-1.96
EYL,-1.86
EYM,-2.18
EYN,-1.68
EYP,-1.04
EYQ,-1.52
EYR,-1.55
EYS,-1.28
EYT,-2.01
EYV,-1.10
EYW,-1.35
EYY,-0.99
FAA,-1.26
FAC,-1.15
FAD,-1.34
FAE,-1.04
FAF,-1.01
FAG,-0.56
FAH,-0.96
FAI,-1.10
FAK,-1.41
FAL,-0.96
FAM,-1.41
FAN,-1.18
FAP,-0.85
FAQ,-1.51
FAR,-1.34
FAS,-1.62
FAT,-0.86
FAV,-0.95
FAW,-0.91
FAY,-0.84
FCA,-0.75
FCC,-1.45
FCD,-0.95
FCE,-1.40
FCF,-0.92
FCG,-0.75
FCH,-1.59
FCI,-1.37
FCK,-1.35
FCL,-1.03
FCM,-1.23
FCN,-1.28
FCP,-0.43
FCQ,-1.60
FCR,-1.39
FCS,-1.28
FCT,-1.03
FCV,-0.47
FCW,-1.21
FCY,-1.31
FDA,-1.21
FDC,-1.50
FDD,-1.44
FDE,-0.60
FDF,-1.11
FDG,-1.37
FDH,-1.21
FDI,-1.50
FDK,-1.59
FDL,-1.39
FDM,-1.21
FDN,-1.16
FDP,-1.10
FDQ,-1.48
FDR,-1.39
FDS,-1.71
FDT,-1.12
FDV,-1.10
FDW,-1.15
FDY,-1.24
FEA,-1.71
FEC,-1.49
FED,-1.78
FEE,-1.78
FEF,-0.84
FEG,-1.48
FEH,-0.81
FEI,-1.34
FEK,-1.65
FEL,-1.32
FEM,-1.52
FEN,-1.52
FEP,-0.66
FEQ,-1.98
FER,-1.67
FES,-1.74
FET,-1.15
FEV,-1.30
FEW,-1.19
FEY,-1.63
FFA,-0.84
FFC,-0.92
FFD,-1.27
FFE,-0.95
FFF,-1.05
FFG,-0.86
FFH,-1.78
FFI,-1.68
FFK,-0.75
FFL,-0.72
FFM,-1.37
FFN,-1.41
FFP,-0.43
FFQ,-1.26
FFR,-1.48
FFS,-1.02
FFT,-0.89
FFV,-1.57
FFW,-1.65
FFY,-1.09
FGA,-1.07
FGC,-1.23
FGD,-0.82
FGE,-1.04
FGF,-1.00
FGG,-1.26
FGH,-1.53
FGI,-1.33
FGK,-1.12
FGL,-0.96
FGM,-1.11
FGN,-1.20
FGP,-0.50
FGQ,-0.76
FGR,-1.45
FGS,-1.33
FGT,-1.01
FGV,-0.80
FGW,-0.89
FGY,-0.93
FHA,-1.33
FHC,-1.33
FHD,-1.03
FHE,-0.57
FHF,-1.59
FHG,-0.57
FHH,-0.88
FHI,-1.63
FHK,-0.99
FHL,-1.47
FHM,-1.51
FHN,-1.13
FHP,-1.20
FHQ,-1.24
FHR,-1.41
FHS,-0.95
FHT,-1.33
FHV,-1.72
FHW,-1.54
FHY,-0.89
FIA,-0.79
FIC,-0.74
FID,-1.04
FIE,-1.08
FIF,-1.19
FIG,-0.35
FIH,-1.03
FII,-1.51
FIK,-0.81
FIL,-1.15
FIM,-1.18
FIN,-0.62
FIP,-0.24
FIQ,-1.11
FIR,-0.55
FIS,-1.30
FIT,-0.62
FIV,-1.21
FIW,-0.64
FIY,-0.75
FKA,-1.05
FKC,-1.29
FKD,-1.43
FKE,-1.71
FKF,-0.68
FKG,-1.26
FKH,-1.40
FKI,-1.39
FKK,-1.62
FKL,-1.30
FKM,-1.28
FKN,-1.49
FKP,-1.15
FKQ,-1.60
FKR,-1.29
FKS,-1.32
FKT,-1.18
FKV,-1.50
FKW,-1.24
FKY,-1.44
FLA,-0.67
FLC,-0.88
FLD,-0.86
FLE,-0.71
FLF,-0.60
FLG,-0.20
FLH,-1.08
FLI,-1.10
FLK,-0.60
FLL,-0.86
FLM,-1.27
FLN,-0.92
FLP,0.04
FLQ,-0.57
FLR,-0.79
FLS,-0.80
FLT,-0.93
FLV,-0.82
FLW,-0.92
FLY,-0.56
FMA,-0.91
FMC,-0.91
FMD,-1.38
FME,-1.09
FMF,-1.21
FMG,-0.97
FMH,-1.21
FMI,-1.36
FMK,-1.24
FML,-1.06
FMM,-1.31
FMN,-1.18
FMP,-0.33
FMQ,-0.54
FMR,-1.25
FMS,-1.27
FMT,-1.32
FMV,-1.17
FMW,-1.22
FMY,-0.86
FNA,-1.21
FNC,-0.64
FND,-0.79
FNE,-1.42
FNF,-1.08
FNG,-1.08
FNH,-0.93
FNI,-1.35
FNK,-1.03
FNL,-0.90
FNM,-1.09
FNN,-1.03
FNP,-1.03
FNQ,-1.48
FNR,-0.99
FNS,-0.63
FNT,-1.10
FNV,-1.15
FNW,-1.35
FNY,-0.66
FPA,-0.65
FPC,-1.07
FPD,-0.93
FPE,-0.87
FPF,-0.62
FPG,-0.77
FPH,-1.14
FPI,-1.22
FPK,-1.18
FPL,-0.54
FPM,-1.15
FPN,-0.93
FPP,-0.08
FPQ,-0.92
FPR,-0.92
FPS,-0.98
FPT,-1.15
FPV,-0.63
FPW,-0.82
FPY,-0.53
FQA,-0.43
FQC,-1.14
FQD,-0.49
FQE,-1.42
FQF,-1.24
FQG,-0.80
FQH,-1.10
FQI,-1.85
FQK,-0.81
FQL,-1.59
FQM,-1.25
FQN,-0.81
FQP,-0.86
FQQ,-1.19
FQR,-0.62
FQS,-1.18
FQT,-0.90
FQV,-1.19
FQW,-1.14
FQY,-1.30
FRA,-1.00
FRC,-1.27
FRD,-1.15
FRE,-1.30
FRF,-0.86
FRG,-0.82
FRH,-1.11
FRI,-1.09
FRK,-1.48
FRL,-1.52
FRM,-1.45
FRN,-1.43
FRP,-1.12
FRQ,-1.34
FRR,-1.61
FRS,-1.35
FRT,-1.61
FRV,-1.30
FRW,-1.13
FRY,-1.11
FSA,-1.40
FSC,-0.73
FSD,-1.04
FSE,-1.32
FSF,-1.29
FSG,-1.13
FSH,-1.42
FSI,-1.57
FSK,-1.68
FSL,-0.81
FSM,-1.56
FSN,-1.40
FSP,-0.61
FSQ,-1.74
FSR,-1.31
FSS,-1.48
FST,-1.20
FSV,-1.35
FSW,-1.19
FSY,-1.01
FTA,-1.22
FTC,-1.44
FTD,-1.28
FTE,-0.86
FTF,-1.57
FTG,-0.90
FTH,-1.58
FTI,-1.60
FTK,-1.76
FTL,-1.40
FTM,-1.41
FTN,-1.63
FTP,-1.33
FTQ,-2.07
FTR,-1.51
FTS,-1.83
FTT,-1.92
FTV,-1.39
FTW,-1.32
FTY,-0.94
FVA,-0.84
FVC,-1.21
FVD,-1.34
FVE,-1.18
FVF,-1.17
FVG,-0.53
FVH,-1.02
FVI,-1.79
FVK,-1.11
FVL,-1.36
FVM,-1.43
FVN,-0.55
FVP,-0.29
FVQ,-0.89
FVR,-1.34
FVS,-1.18
FVT,-1.10
FVV,-1.44
FVW,-1.44
FVY,-0.81
FWA,-1.48
FWC,-1.25
FWD,-1.58
FWE,-1.33
FWF,-1.13
FWG,-0.78
FWH,-1.01
FWI,-1.26
FWK,-1.71
FWL,-1.24
FWM,-1.48
FWN,-1.30
FWP,-1.04
FWQ,-1.15
FWR,-1.31
FWS,-1.09
FWT,-1.39
FWV,-1.47
FWW,-1.68
FWY,-1.10
FYA,-0.67
FYC,-0.80
FYD,-0.74
FYE,-1.17
FYF,-0.95
FYG,-0.65
FYH,-1.06
FYI,-1.75
FYK,-1.19
FYL,-1.01
FYM,-1.54
FYN,-0.82
FYP,-0.73
FYQ,-0.83
FYR,-1.27
FYS,-0.71
FYT,-0.94
FYV,-1.14
FYW,-0.92
FYY,-1.06
GAA,-0.88
GAC,-0.51
GAD,-0.86
GAE,-0.42
GAF,-0.78
GAG,-0.12
GAH,-1.13
GAI,-0.08
GAK,-1.11
GAL,-0.23
GAM,-1.04
GAN,-0.77
GAP,-0.12
GAQ,-0.36
GAR,-1.09
GAS,-0.55
GAT,-0.19
GAV,-0.10
GAW,-0.85
GAY,-0.46
GCA,-0.64
GCC,-0.94
GCD,-1.23
GCE,-0.78
GCF,-0.11
GCG,-0.33
GCH,-0.77
GCI,-0.41
GCK,-1.41
GCL,-0.53
GCM,-0.77
GCN,-0.37
GCP,-0.47
GCQ,-0.56
GCR,-0.48
GCS,-1.35
GCT,-1.58
GCV,-0.93
GCW,-0.92
GCY,-0.28
GDA,-0.55
GDC,-1.45
GDD,-0.27
GDE,-0.56
GDF,-1.02
GDG,-0.03
GDH,-1.13
GDI,-1.48
GDK,-0.54
GDL,-1.11
GDM,-1.63
GDN,-1.18
GDP,-0.28
GDQ,-0.92
GDR,-1.80
GDS,-0.77
GDT,-0.77
GDV,-1.33
GDW,-1.34
GDY,-0.96
GEA,-0.11
GEC,-1.87
GED,-0.49
GEE,-0.33
GEF,-0.70
GEG,-0.31
GEH,-1.17
GEI,-0.85
GEK,-1.01
GEL,-1.25
GEM,-0.79
GEN,-1.44
GEP,-0.14
GEQ,-0.21
GER,-0.98
GES,-0.57
GET,-0.79
GEV,-1.00
GEW,-1.60
GEY,-1.54
GFA,-0.51
GFC,-0.89
GFD,-0.92
GFE,-0.82
GFF,-1.09
GFG,-0.49
GFH,-0.56
GFI,-0.77
GFK,-1.28
GFL,-0.85
GFM,-1.03
GFN,-0.97
GFP,-0.40
GFQ,-1.21
GFR,-1.11
GFS,-0.87
GFT,-1.12
GFV,-0.62
GFW,-0.90
GFY,-0.97
GGA,-0.57
GGC,-0.68
GGD,-0.96
GGE,-1.56
GGF,-0.63
GGG,-0.99
GGH,-1.34
GGI,-0.65
GGK,-1.14
GGL,-0.37
GGM,-0.80
GGN,-1.12
GGP,-0.31
GGQ,-0.16
GGR,-1.52
GGS,-0.99
GGT,-0.76
GGV,-0.88
GGW,-1.11
GGY,-1.10
GHA,-1.19
GHC,-0.45
GHD,-0.14
GHE,0.05
GHF,-1.02
GHG,-0.44
GHH,-0.63
GHI,-0.46
GHK,-0.36
GHL,-0.64
GHM,-1.11
GHN,-0.17
GHP,-0.49
GHQ,-0.77
GHR,-1.04
GHS,-0.59
GHT,-1.27
GHV,-0.53
GHW,-0.87
GHY,-0.48
GIA,-0.77
GIC,-0.69
GID,-0.66
GIE,-0.72
GIF,-0.12
GIG,-0.57
GIH,-0.58
GII,-0.63
GIK,-0.71
GIL,-0.20
GIM,-0.91
GIN,-0.87
GIP,-0.57
GIQ,-1.06
GIR,-0.78
GIS,-0.91
GIT,-0.94
GIV,-0.67
GIW,-0.56
GIY,0.08
GKA,-0.91
GKC,-0.93
GKD,-0.95
GKE,-0.51
GKF,-0.65
GKG,-0.56
GKH,-0.72
GKI,-0.48
GKK,-1.00
GKL,-0.73
GKM,-0.75
GKN,-0.22
GKP,0.01
GKQ,-0.82
GKR,-1.60
GKS,-1.27
GKT,-1.19
GKV,-0.57
GKW,-0.49
GKY,-0.07
GLA,-0.59
GLC,-0.13
GLD,-0.91
GLE,-0.75
GLF,-0.23
GLG,-0.51
GLH,-0.57
GLI,-0.40
GLK,-0.86
GLL,-0.40
GLM,-0.64
GLN,-0.88
GLP,-0.40
GLQ,-0.83
GLR,-0.58
GLS,-0.76
GLT,-0.99
GLV,-0.56
GLW,-0.94
GLY,-0.43
GMA,-1.08
GMC,-0.94
GMD,-1.14
GME,-1.08
GMF,-0.51
GMG,-1.08
GMH,-0.91
GMI,-0.64
GMK,-1.46
GML,-0.73
GMM,-1.01
GMN,-1.06
GMP,-0.63
GMQ,-1.21
GMR,-0.90
GMS,-0.94
GMT,-1.17
GMV,-0.73
GMW,-1.07
GMY,-0.91
GNA,-0.85
GNC,-0.56
GND,-0.94
GNE,-0.61
GNF,-0.81
GNG,-0.17
GNH,-1.11
GNI,-0.81
GNK,-1.20
GNL,-0.50
GNM,-1.12
GNN,-0.71
GNP,-0.08
GNQ,-0.81
GNR,-1.63
GNS,-0.52
GNT,-0.66
GNV,-0.61
GNW,-1.21
GNY,-0.73
GPA,-0.34
GPC,-0.67
GPD,-0.28
GPE,-0.28
GPF,-1.02
GPG,0.04
GPH,-0.38
GPI,-0.43
GPK,-1.23
GPL,-0.65
GPM,-0.68
GPN,-0.40
GPP,-0.05
GPQ,-0.59
GPR,-0.72
GPS,-0.49
GPT,-0.61
GPV,-0.67
GPW,-0.30
GPY,-0.26
GQA,-0.95
GQC,-0.64
GQD,-0.89
GQE,-0.60
GQF,-0.52
GQG,-0.48
GQH,-0.26
GQI,-0.52
GQK,-0.90
GQL,-0.61
GQM,0.02
GQN,-0.44
GQP,0.17
GQQ,-0.57
GQR,-0.73
GQS,-0.42
GQT,-0.86
GQV,-0.67
GQW,-1.06
GQY,-0.52
GRA,-0.54
GRC,-0.79
GRD,-0.72
GRE,-0.99
GRF,-0.79
GRG,-0.74
GRH,-0.71
GRI,-0.87
GRK,-1.18
GRL,-0.78
GRM,-0.85
GRN,-0.67
GRP,-0.68
GRQ,-1.29
GRR,-1.00
GRS,-0.79
GRT,-1.15
GRV,-0.88
GRW,-0.97
GRY,-0.25
GSA,-0.51
GSC,-0.61
GSD,-0.15
GSE,-0.53
GSF,-0.88
GSG,-0.97
GSH,-0.39
GSI,-0.35
GSK,-1.06
GSL,-0.70
GSM,-1.14
GSN,-0.82
GSP,-0.52
GSQ,-0.92
GSR,-1.11
GSS,-0.71
GST,-0.61
GSV,-0.33
GSW,-1.11
GSY,-0.90
GTA,-0.78
GTC,-1.09
GTD,-0.64
GTE,-0.78
GTF,-0.77
GTG,-0.57
GTH,-0.49
GTI,-0.87
GTK,-0.25
GTL,-0.89
GTM,-0.69
GTN,-0.43
GTP,-0.52
GTQ,-0.52
GTR,-0.65
GTS,-0.62
GTT,-0.45
GTV,-0.65
GTW,-1.23
GTY,-0.42
GVA,-0.92
GVC,-0.63
GVD,-1.04
GVE,-0.60
GVF,-0.65
GVG,-0.64
GVH,-0.55
GVI,-0.87
GVK,-0.92
GVL,-0.71
GVM,-0.58
GVN,-0.28
GVP,-0.37
GVQ,-0.71
GVR,-0.35
GVS,-0.91
GVT,-0.95
GVV,-0.36
GVW,-0.49
GVY,-0.25
GWA,-1.32
GWC,-1.23
GWD,-1.26
GWE,-1.41
GWF,-1.19
GWG,-1.17
GWH,-1.08
GWI,-1.72
GWK,-1.34
GWL,-1.45
GWM,-1.05
GWN,-1.15
GWP,-0.28
GWQ,-1.22
GWR,-1.22
GWS,-1.15
GWT,-0.68
GWV,-1.23
GWW,-0.89
GWY,-1.20
GYA,-0.55
GYC,-0.56
GYD,-1.08
GYE,-0.88
GYF,-0.25
GYG,-0.46
GYH,-1.47
GYI,-0.75
GYK,-1.37
GYL,-0.56
GYM,-1.35
GYN,-0.76
GYP,-0.02
GYQ,-0.74
GYR,-0.66
GYS,-0.87
GYT,-1.14
GYV,-0.58
GYW,-1.03
GYY,-0.86
HAA,-0.80
HAC,-1.04
HAD,-0.89
HAE,-0.74
HAF,-1.25
HAG,-0.86
HAH,-1.19
HAI,-0.96
HAK,-1.20
HAL,-1.33
HAM,-0.73
HAN,-1.32
HAP,-0.85
HAQ,-1.10
HAR,-1.46
HAS,-0.75
HAT,-1.25
HAV,-1.46
HAW,-1.28
HAY,-1.20
HCA,-0.71
HCC,-1.59
HCD,-1.08
HCE,-1.23
HCF,-1.30
HCG,-1.00
HCH,-2.04
HCI,-1.39
HCK,-0.64
HCL,-1.35
HCM,-1.33
HCN,-1.38
HCP,-0.78
HCQ,-0.81
HCR,-1.79
HCS,-1.53
HCT,-1.53
HCV,-1.64
HCW,-1.35
HCY,-1.17
HDA,-0.88
HDC,-1.20
HDD,-0.57
HDE,-0.26
HDF,-0.96
HDG,-0.92
HDH,-1.05
HDI,-1.97
HDK,-0.72
HDL,-0.85
HDM,-1.12
HDN,-0.77
HDP,-0.76
HDQ,-0.59
HDR,-1.28
HDS,-0.68
HDT,-1.12
HDV,-1.35
HDW,-1.55
HDY,-1.44
HEA,-1.26
HEC,-1.94
HED,-0.92
HEE,-0.32
HEF,-1.72
HEG,-0.85
HEH,-1.49
HEI,-1.48
HEK,-1.20
HEL,-1.51
HEM,-1.38
HEN,-1.13
HEP,-0.67
HEQ,-1.24
HER,-1.67
HES,-0.65
HET,-0.89
HEV,-1.52
HEW,-1.35
HEY,-1.60
HFA,-1.81
HFC,-1.19
HFD,-1.66
HFE,-1.08
HFF,-1.59
HFG,-0.78
HFH,-1.05
HFI,-1.60
HFK,-1.94
HFL,-1.83
HFM,-1.99
HFN,-1.33
HFP,-0.46
HFQ,-2.20
HFR,-1.67
HFS,-1.47
HFT,-1.16
HFV,-2.14
HFW,-1.90
HFY,-1.58
HGA,-0.62
HGC,-0.91
HGD,-1.00
HGE,-0.29
HGF,-1.07
HGG,-0.74
HGH,-1.07
HGI,-1.11
HGK,-0.89
HGL,-0.99
HGM,-0.82
HGN,-0.75
HGP,-0.49
HGQ,-0.39
HGR,-1.51
HGS,-0.47
HGT,-1.22
HGV,-0.85
HGW,-1.25
HGY,-1.17
HHA,-1.05
HHC,-1.16
HHD,-0.59
HHE,-0.88
HHF,-0.83
HHG,-0.58
HHH,-1.27
HHI,-2.13
HHK,-1.69
HHL,-1.49
HHM,-1.76
HHN,-0.10
HHP,-0.92
HHQ,-0.93
HHR,-1.38
HHS,-0.98
HHT,-0.94
HHV,-1.55
HHW,-1.90
HHY,-0.88
HIA,-1.02
HIC,-1.31
HID,-0.95
HIE,-0.92
HIF,-1.26
HIG,-0.60
HIH,-1.16
HII,-1.97
HIK,-2.30
HIL,-1.99
HIM,-1.91
HIN,-1.39
HIP,-1.13
HIQ,-1.17
HIR,-1.11
HIS,-1.60
HIT,-1.35
HIV,-1.93
HIW,-1.44
HIY,-1.35
HKA,-1.59
HKC,-1.17
HKD,-0.99
HKE,-1.45
HKF,-1.57
HKG,-0.98
HKH,-1.33
HKI,-1.31
HKK,-0.72
HKL,-1.30
HKM,-1.74
HKN,-1.28
HKP,-1.18
HKQ,-1.05
HKR,-1.55
HKS,-1.45
HKT,-1.48
HKV,-1.47
HKW,-1.23
HKY,-1.07
HLA,-1.43
HLC,-0.99
HLD,-1.40
HLE,-1.13
HLF,-1.63
HLG,-0.61
HLH,-1.15
HLI,-2.17
HLK,-1.62
HLL,-1.21
HLM,-2.35
HLN,-1.20
HLP,-0.12
HLQ,-0.70
HLR,-1.58
HLS,-1.38
HLT,-1.29
HLV,-1.09
HLW,-1.77
HLY,-0.94
HMA,-1.44
HMC,-1.56
HMD,-1.57
HME,-1.34
HMF,-0.99
HMG,-1.20
HMH,-2.11
HMI,-1.81
HMK,-1.27
HML,-1.40
HMM,-1.10
HMN,-1.80
HMP,-0.70
HMQ,-1.39
HMR,-1.39
HMS,-1.35
HMT,-1.81
HMV,-1.80
HMW,-2.06
HMY,-0.76
HNA,-0.95
HNC,-1.71
HND,-0.62
HNE,-1.09
HNF,-1.12
HNG,-0.17
HNH,-0.99
HNI,-1.49
HNK,-1.05
HNL,-1.14
HNM,-1.34
HNN,-0.73
HNP,-1.06
HNQ,-1.40
HNR,-1.12
HNS,-0.44
HNT,-1.57
HNV,-1.65
HNW,-1.30
HNY,-1.51
HPA,-0.40
HPC,-0.76
HPD,-1.03
HPE,-0.67
HPF,-0.58
HPG,-0.10
HPH,-0.44
HPI,-1.52
HPK,-0.80
HPL,-1.06
HPM,-0.80
HPN,-0.91
HPP,-0.47
HPQ,-0.58
HPR,-0.81
HPS,-0.54
HPT,-0.81
HPV,-0.72
HPW,-1.23
HPY,-0.57
HQA,-0.40
HQC,-1.70
HQD,-0.66
HQE,-0.37
HQF,-1.48
HQG,-1.18
HQH,-1.12
HQI,-2.09
HQK,-1.07
HQL,-1.21
HQM,-0.96
HQN,-1.09
HQP,-0.55
HQQ,-0.84
HQR,-1.79
HQS,-0.69
HQT,-0.91
HQV,-1.82
HQW,-1.49
HQY,-1.56
HRA,-1.43
HRC,-1.79
HRD,-0.45
HRE,-0.27
HRF,-1.02
HRG,-0.86
HRH,-0.86
HRI,-1.56
HRK,-1.46
HRL,-1.29
HRM,-1.79
HRN,-0.54
HRP,-1.09
HRQ,-0.53
HRR,-0.99
HRS,-1.29
HRT,-2.13
HRV,-1.55
HRW,-1.34
HRY,-1.36
HSA,-1.19
HSC,-1.01
HSD,-0.65
HSE,-1.00
HSF,-1.48
HSG,-0.47
HSH,-1.64
HSI,-0.80
HSK,-1.57
HSL,-0.99
HSM,-1.22
HSN,-0.79
HSP,-0.46
HSQ,-1.32
HSR,-1.15
HSS,-1.16
HST,-1.06
HSV,-1.26
HSW,-1.60
HSY,-0.07
HTA,-1.04
HTC,-1.02
HTD,-0.76
HTE,-0.37
HTF,-1.53
HTG,-0.60
HTH,-1.56
HTI,-1.31
HTK,-0.89
HTL,-1.51
HTM,-0.97
HTN,-1.12
HTP,-1.00
HTQ,-0.72
HTR,-1.12
HTS,-0.59
HTT,-1.32
HTV,-0.74
HTW,-1.40
HTY,-0.94
HVA,-0.84
HVC,-1.35
HVD,-1.08
HVE,-1.38
HVF,-1.51
HVG,-0.58
HVH,-1.90
HVI,-1.06
HVK,-1.07
HVL,-1.11
HVM,-1.41
HVN,-0.85
HVP,-1.53
HVQ,-0.85
HVR,-1.22
HVS,-0.87
HVT,-1.43
HVV,-1.48
HVW,-1.55
HVY,-1.54
HWA,-1.46
HWC,-1.34
HWD,-1.80
HWE,-1.48
HWF,-1.23
HWG,-1.30
HWH,-1.92
HWI,-2.16
HWK,-2.06
HWL,-1.37
HWM,-2.21
HWN,-1.43
HWP,-1.13
HWQ,-1.39
HWR,-1.41
HWS,-1.35
HWT,-1.87
HWV,-1.60
HWW,-1.25
HWY,-1.38
HYA,-0.89
HYC,-1.11
HYD,-1.38
HYE,-1.34
HYF,-0.70
HYG,-1.01
HYH,-1.13
HYI,-1.53
HYK,-1.62
HYL,-1.30
HYM,-1.81
HYN,-1.08
HYP,-0.87
HYQ,-1.22
HYR,-1.31
HYS,-0.93
HYT,-1.43
HYV,-1.79
HYW,-1.39
HYY,-1.35
IAA,-0.89
IAC,-1.30
IAD,-1.27
IAE,-1.30
IAF,-1.19
IAG,-0.83
IAH,-1.04
IAI,-1.26
IAK,-1.28
IAL,-0.96
IAM,-1.05
IAN,-1.65
IAP,-1.04
IAQ,-1.38
IAR,-0.99
IAS,-1.56
IAT,-0.69
IAV,-0.91
IAW,-0.92
IAY,-1.03
ICA,-0.75
ICC,-1.13
ICD,-1.34
ICE,-1.51
ICF,-1.46
ICG,-1.10
ICH,-1.32
ICI,-1.07
ICK,-1.99
ICL,-1.32
ICM,-1.51
ICN,-1.15
ICP,-0.74
ICQ,-0.68
ICR,-1.99
ICS,-1.50
ICT,-1.54
ICV,-1.39
ICW,-1.34
ICY,-0.95
IDA,-1.24
IDC,-1.01
IDD,-0.79
IDE,-0.53
IDF,-1.25
IDG,-1.40
IDH,-1.07
IDI,-1.44
IDK,-1.67
IDL,-1.41
IDM,-1.96
IDN,-0.82
IDP,-1.40
IDQ,-1.89
IDR,-1.25
IDS,-1.64
IDT,-1.36
IDV,-1.42
IDW,-1.44
IDY,-1.40
IEA,-1.12
IEC,-1.41
IED,-1.06
IEE,-0.93
IEF,-1.43
IEG,-1.56
IEH,-1.84
IEI,-1.99
IEK,-1.89
IEL,-1.50
IEM,-2.00
IEN,-0.75
IEP,-1.31
IEQ,-2.03
IER,-1.77
IES,-1.03
IET,-1.46
IEV,-2.27
IEW,-1.54
IEY,-1.71
IFA,-0.77
IFC,-1.05
IFD,-1.19
IFE,-1.44
IFF,-1.32
IFG,-0.76
IFH,-1.62
IFI,-1.27
IFK,-1.71
IFL,-1.30
IFM,-1.85
IFN,-1.49
IFP,-1.09
IFQ,-1.48
IFR,-1.19
IFS,-1.32
IFT,-1.31
IFV,-0.71
IFW,-1.41
IFY,-0.75
IGA,-0.93
IGC,-0.79
IGD,-1.03
IGE,-1.32
IGF,-0.93
IGG,-0.53
IGH,-0.58
IGI,-0.60
IGK,-0.84
IGL,-0.90
IGM,-0.85
IGN,-1.31
IGP,-0.49
IGQ,-1.12
IGR,-1.43
IGS,-0.69
IGT,-0.85
IGV,-0.77
IGW,-0.60
IGY,-1.04
IHA,-1.23
IHC,-1.60
IHD,-1.20
IHE,0.24
IHF,-1.52
IHG,-1.00
IHH,-0.74
IHI,-2.22
IHK,-1.22
IHL,-1.77
IHM,-1.69
IHN,-0.75
IHP,-1.29
IHQ,-1.24
IHR,-1.19
IHS,-0.85
IHT,-0.66
IHV,-2.05
IHW,-1.32
IHY,-1.99
IIA,-1.21
IIC,-1.46
IID,-1.13
IIE,-1.50
IIF,-0.62
IIG,-0.75
IIH,-1.26
III,-1.01
IIK,-1.59
IIL,-0.98
IIM,-1.26
IIN,-1.33
IIP,-1.14
IIQ,-0.90
IIR,-1.20
IIS,-1.32
IIT,-1.43
IIV,-0.66
IIW,-0.83
IIY,-0.47
IKA,-1.14
IKC,-1.43
IKD,-1.07
IKE,-1.54
IKF,-1.01
IKG,-1.34
IKH,-1.44
IKI,-1.66
IKK,-1.85
IKL,-1.37
IKM,-1.92
IKN,-1.40
IKP,-1.13
IKQ,-1.55
IKR,-1.36
IKS,-1.72
IKT,-2.10
IKV,-1.35
IKW,-1.28
IKY,-1.04
ILA,-0.84
ILC,-1.05
ILD,-1.26
ILE,-0.95
ILF,-1.21
ILG,-0.51
ILH,-0.97
ILI,-1.16
ILK,-0.92
ILL,-1.06
ILM,-0.96
ILN,-1.07
ILP,-1.08
ILQ,-1.33
ILR,-1.05
ILS,-0.85
ILT,-1.39
ILV,-1.21
ILW,-0.92
ILY,-0.77
IMA,-1.53
IMC,-1.50
IMD,-1.40
IME,-1.56
IMF,-1.31
IMG,-0.51
IMH,-1.75
IMI,-1.91
IMK,-2.36
IML,-1.45
IMM,-1.64
IMN,-1.16
IMP,-0.90
IMQ,-1.47
IMR,-1.51
IMS,-1.44
IMT,-1.93
IMV,-1.63
IMW,-1.32
IMY,-0.99
INA,-0.43
INC,-0.74
IND,-0.72
INE,-0.90
INF,-1.54
ING,-1.38
INH,-1.18
INI,-0.75
INK,-1.38
INL,-1.71
INM,-0.98
INN,-0.64
INP,-1.00
INQ,-1.31
INR,-1.62
INS,-0.96
INT,-1.33
INV,-1.15
INW,-1.49
INY,-1.33
IPA,-0.69
IPC,-0.92
IPD,-0.69
IPE,-0.78
IPF,-0.80
IPG,-0.32
IPH,-0.53
IPI,-0.96
IPK,-1.23
IPL,-0.98
IPM,-0.85
IPN,-0.55
IPP,-0.68
IPQ,-0.69
IPR,-1.11
IPS,-0.99
IPT,-1.09
IPV,-0.87
IPW,-0.50
IPY,-0.75
IQA,-0.72
IQC,-0.87
IQD,-1.12
IQE,-0.51
IQF,-1.62
IQG,-1.01
IQH,-0.80
IQI,-1.76
IQK,-1.68
IQL,-1.34
IQM,-1.66
IQN,-1.39
IQP,-1.34
IQQ,-0.19
IQR,-1.06
IQS,-0.72
IQT,-1.25
IQV,-2.00
IQW,-1.13
IQY,-0.51
IRA,-1.27
IRC,-1.59
IRD,-1.22
IRE,-1.47
IRF,-1.00
IRG,-1.04
IRH,-1.29
IRI,-1.39
IRK,-1.49
IRL,-1.06
IRM,-1.14
IRN,-0.76
IRP,-1.33
IRQ,-1.71
IRR,-1.15
IRS,-1.20
IRT,-1.33
IRV,-0.98
IRW,-1.46
IRY,-0.97
ISA,-0.96
ISC,-1.57
ISD,-1.36
ISE,-1.07
ISF,-1.28
ISG,-1.36
ISH,-1.02
ISI,-1.62
ISK,-1.56
ISL,-1.36
ISM,-0.99
ISN,-1.01
ISP,-1.12
ISQ,-1.37
ISR,-1.72
ISS,-1.69
IST,-1.49
ISV,-1.15
ISW,-1.48
ISY,-1.53
ITA,-1.15
ITC,-1.54
ITD,-1.10
ITE,-0.49
ITF,-1.50
ITG,-1.17
ITH,-1.53
ITI,-1.89
ITK,-0.90
ITL,-1.74
ITM,-1.66
ITN,-1.32
ITP,-1.14
ITQ,-1.60
ITR,-1.51
ITS,-1.45
ITT,-1.32
ITV,-1.36
ITW,-1.25
ITY,-1.42
IVA,-1.06
IVC,-1.35
IVD,-1.28
IVE,-0.98
IVF,-0.65
IVG,-0.86
IVH,-1.06
IVI,-1.31
IVK,-0.71
IVL,-1.37
IVM,-1.24
IVN,-0.98
IVP,-0.79
IVQ,-1.06
IVR,-1.53
IVS,-1.32
IVT,-1.53
IVV,-1.19
IVW,-0.97
IVY,-0.39
IWA,-1.12
IWC,-1.27
IWD,-1.11
IWE,-1.21
IWF,-1.53
IWG,-0.84
IWH,-1.53
IWI,-1.30
IWK,-2.08
IWL,-1.05
IWM,-1.42
IWN,-0.95
IWP,-0.78
IWQ,-1.26
IWR,-1.54
IWS,-1.15
IWT,-1.75
IWV,-1.20
IWW,-1.40
IWY,-1.24
IYA,-1.01
IYC,-0.80
IYD,-1.56
IYE,-0.98
IYF,-1.41
IYG,-0.34
IYH,-1.66
IYI,-1.13
IYK,-1.07
IYL,-1.21
IYM,-0.83
IYN,-0.35
IYP,-0.36
IYQ,-0.75
IYR,-0.94
IYS,-1.00
IYT,-1.15
IYV,-1.03
IYW,-1.06
IYY,-0.93
KAA,-1.07
KAC,-1.07
KAD,-0.56
KAE,-1.89
KAF,-1.15
KAG,-0.83
KAH,-1.82
KAI,-0.61
KAK,-1.68
KAL,-0.94
KAM,-0.95
KAN,-1.04
KAP,-1.19
KAQ,-1.26
KAR,-1.99
KAS,-1.66
KAT,-1.16
KAV,-0.91
KAW,-1.34
KAY,-1.33
KCA,-1.52
KCC,-1.58
KCD,-1.36
KCE,-1.36
KCF,-1.31
KCG,-0.86
KCH,-1.78
KCI,-1.35
KCK,-1.25
KCL,-1.27
KCM,-1.81
KCN,-0.89
KCP,-1.09
KCQ,-1.39
KCR,-1.62
KCS,-1.06
KCT,-1.89
KCV,-1.61
KCW,-1.51
KCY,-0.95
KDA,-1.04
KDC,-1.31
KDD,-0.79
KDE,-0.75
KDF,-1.29
KDG,-0.57
KDH,-1.32
KDI,-1.79
KDK,-2.02
KDL,-1.22
KDM,-1.46
KDN,-0.92
KDP,-0.89
KDQ,-0.95
KDR,-2.56
KDS,-0.80
KDT,-1.21
KDV,-1.48
KDW,-1.31
KDY,-1.49
KEA,-0.50
KEC,-1.66
KED,-0.30
KEE,-0.38
KEF,-1.23
KEG,-0.84
KEH,-1.39
KEI,-2.12
KEK,-0.69
KEL,-1.12
KEM,-1.62
KEN,-1.18
KEP,-1.02
KEQ,-1.35
KER,-1.41
KES,-0.95
KET,-1.26
KEV,-1.56
KEW,-0.91
KEY,-1.67
KFA,-1.39
KFC,-1.07
KFD,-1.39
KFE,-1.46
KFF,-1.40
KFG,-1.19
KFH,-1.84
KFI,-1.72
KFK,-1.39
KFL,-1.24
KFM,-2.23
KFN,-1.64
KFP,-0.84
KFQ,-1.48
KFR,-1.41
KFS,-1.64
KFT,-1.77
KFV,-1.30
KFW,-1.40
KFY,-1.47
KGA,-0.69
KGC,-1.45
KGD,-1.53
KGE,-1.34
KGF,-1.13
KGG,-1.09
KGH,-0.70
KGI,-1.32
KGK,-1.71
KGL,-1.06
KGM,-1.01
KGN,-1.21
KGP,-0.68
KGQ,-1.25
KGR,-1.61
KGS,-1.17
KGT,-1.49
KGV,-1.51
KGW,-1.05
KGY,-1.46
KHA,-0.95
KHC,-1.34
KHD,-1.16
KHE,-1.93
KHF,-1.36
KHG,-0.80
KHH,-1.03
KHI,-1.77
KHK,-1.84
KHL,-1.74
KHM,-1.91
KHN,-1.24
KHP,-1.26
KHQ,-1.34
KHR,-1.68
KHS,-1.72
KHT,-1.96
KHV,-1.46
KHW,-1.94
KHY,-1.08
KIA,-1.08
KIC,-1.24
KID,-1.25
KIE,-1.39
KIF,-1.45
KIG,-0.79
KIH,-1.30
KII,-1.52
KIK,-1.51
KIL,-1.45
KIM,-1.49
KIN,-1.44
KIP,-1.12
KIQ,-1.38
KIR,-1.59
KIS,-1.46
KIT,-1.63
KIV,-1.51
KIW,-1.05
KIY,-1.19
KKA,-1.46
KKC,-1.23
KKD,-1.57
KKE,-0.99
KKF,-1.91
KKG,-1.37
KKH,-1.42
KKI,-1.65
KKK,-1.67
KKL,-1.77
KKM,-1.18
KKN,-1.69
KKP,-1.05
KKQ,-1.50
KKR,-2.28
KKS,-1.79
KKT,-2.18
KKV,-1.36
KKW,-1.42
KKY,-1.16
KLA,-1.17
KLC,-1.31
KLD,-1.53
KLE,-1.62
KLF,-1.40
KLG,-1.24
KLH,-1.26
KLI,-1.37
KLK,-1.58
KLL,-1.06
KLM,-1.21
KLN,-1.21
KLP,-0.43
KLQ,-1.65
KLR,-1.69
KLS,-1.32
KLT,-1.43
KLV,-1.33
KLW,-1.34
KLY,-0.92
KMA,-1.61
KMC,-1.15
KMD,-1.70
KME,-1.55
KMF,-1.21
KMG,-1.70
KMH,-1.43
KMI,-1.24
KMK,-2.08
KML,-1.64
KMM,-1.74
KMN,-1.81
KMP,-1.34
KMQ,-0.86
KMR,-1.73
KMS,-1.60
KMT,-2.36
KMV,-1.29
KMW,-1.18
KMY,-1.33
KNA,-0.97
KNC,-1.38
KND,-1.74
KNE,-1.32
KNF,-1.15
KNG,-1.11
KNH,-1.38
KNI,-1.82
KNK,-1.97
KNL,-1.34
KNM,-1.49
KNN,-1.09
KNP,-0.50
KNQ,-1.50
KNR,-1.78
KNS,-0.77
KNT,-1.49
KNV,-1.31
KNW,-1.42
KNY,-1.18
KPA,-0.95
KPC,-0.77
KPD,-0.74
KPE,-0.97
KPF,-0.99
KPG,-0.52
KPH,-0.61
KPI,-0.94
KPK,-0.76
KPL,-1.30
KPM,-0.93
KPN,-0.88
KPP,-0.46
KPQ,-0.95
KPR,-1.18
KPS,-0.70
KPT,-0.51
KPV,-0.95
KPW,-1.37
KPY,-1.01
KQA,-1.55
KQC,-1.81
KQD,-0.29
KQE,-1.29
KQF,-1.35
KQG,-1.59
KQH,-1.42
KQI,-1.59
KQK,-1.63
KQL,-1.70
KQM,-1.77
KQN,-1.85
KQP,-1.09
KQQ,-1.29
KQR,-0.88
KQS,-1.38
KQT,-1.77
KQV,-1.67
KQW,-1.58
KQY,-1.38
KRA,-2.19
KRC,-1.72
KRD,-1.35
KRE,-1.84
KRF,-1.36
KRG,-0.57
KRH,-1.17
KRI,-1.82
KRK,-1.97
KRL,-1.62
KRM,-1.59
KRN,-1.70
KRP,-0.78
KRQ,-1.70
KRR,-2.02
KRS,-1.62
KRT,-2.75
KRV,-1.69
KRW,-1.61
KRY,-1.24
KSA,-1.34
KSC,-1.44
KSD,-1.49
KSE,-1.17
KSF,-1.36
KSG,-1.60
KSH,-1.41
KSI,-1.97
KSK,-2.10
KSL,-1.22
KSM,-1.25
KSN,-1.64
KSP,-0.49
KSQ,-1.68
KSR,-1.48
KSS,-1.39
KST,-1.42
KSV,-1.52
KSW,-1.41
KSY,-1.38
KTA,-1.61
KTC,-1.28
KTD,-1.72
KTE,-1.45
KTF,-1.69
KTG,-1.19
KTH,-1.28
KTI,-2.56
KTK,-1.95
KTL,-1.05
KTM,-2.22
KTN,-1.26
KTP,-1.02
KTQ,-1.06
KTR,-1.61
KTS,-1.85
KTT,-1.91
KTV,-1.58
KTW,-1.86
KTY,-0.86
KVA,-0.90
KVC,-1.00
KVD,-1.37
KVE,-1.16
KVF,-1.41
KVG,-0.74
KVH,-1.51
KVI,-1.34
KVK,-1.16
KVL,-1.41
KVM,-1.34
KVN,-0.94
KVP,-0.65
KVQ,-1.23
KVR,-0.92
KVS,-0.96
KVT,-0.98
KVV,-1.15
KVW,-1.43
KVY,-1.07
KWA,-1.56
KWC,-1.54
KWD,-1.63
KWE,-1.58
KWF,-1.57
KWG,-1.30
KWH,-1.67
KWI,-1.51
KWK,-1.56
KWL,-1.41
KWM,-1.41
KWN,-1.61
KWP,-1.09
KWQ,-1.59
KWR,-1.41
KWS,-1.58
KWT,-1.67
KWV,-1.49
KWW,-1.39
KWY,-1.31
KYA,-1.24
KYC,-1.21
KYD,-1.12
KYE,-1.44
KYF,-1.42
KYG,-0.93
KYH,-1.50
KYI,-1.66
KYK,-1.75
KYL,-1.44
KYM,-1.26
KYN,-1.49
KYP,-0.79
KYQ,-1.39
KYR,-1.68
KYS,-1.27
KYT,-1.70
KYV,-1.48
KYW,-1.96
KYY,-1.35
LAA,-0.80
LAC,-1.33
LAD,-1.38
LAE,-1.87
LAF,-0.98
LAG,-0.57
LAH,-0.95
LAI,-1.95
LAK,-0.83
LAL,-1.10
LAM,-1.26
LAN,-1.20
LAP,-1.31
LAQ,-0.98
LAR,-1.28
LAS,-1.36
LAT,-0.85
LAV,-1.49
LAW,-1.15
LAY,-0.89
LCA,-0.77
LCC,-1.31
LCD,-1.32
LCE,-1.36
LCF,-1.59
LCG,-0.83
LCH,-2.03
LCI,-2.15
LCK,-1.21
LCL,-1.53
LCM,-1.44
LCN,-0.40
LCP,-0.43
LCQ,-1.26
LCR,-1.14
LCS,-0.96
LCT,-1.29
LCV,-1.54
LCW,-1.44
LCY,-1.08
LDA,-0.93
LDC,-1.32
LDD,-1.84
LDE,-0.07
LDF,-0.90
LDG,-1.51
LDH,-1.22
LDI,-1.22
LDK,-2.07
LDL,-1.71
LDM,-0.64
LDN,-0.87
LDP,-1.61
LDQ,-0.99
LDR,-1.64
LDS,-1.31
LDT,-0.74
LDV,-1.44
LDW,-1.15
LDY,-0.88
LEA,-1.22
LEC,-1.65
LED,-0.57
LEE,0.32
LEF,-1.39
LEG,-1.30
LEH,-1.47
LEI,-1.86
LEK,-1.43
LEL,-1.33
LEM,-1.77
LEN,-1.67
LEP,-1.38
LEQ,-1.30
LER,-1.39
LES,-1.03
LET,-1.39
LEV,-1.62
LEW,-1.82
LEY,-1.55
LFA,-1.26
LFC,-1.21
LFD,-1.04
LFE,-1.26
LFF,-1.17
LFG,-0.22
LFH,-1.63
LFI,-1.42
LFK,-1.75
LFL,-1.24
LFM,-1.38
LFN,-1.35
LFP,-0.45
LFQ,-1.31
LFR,-1.44
LFS,-1.42
LFT,-1.09
LFV,-1.13
LFW,-1.14
LFY,-1.16
LGA,-0.36
LGC,-0.57
LGD,-0.97
LGE,-0.94
LGF,-0.66
LGG,-0.31
LGH,-1.31
LGI,-1.14
LGK,-0.71
LGL,-0.71
LGM,-0.36
LGN,-0.77
LGP,-0.65
LGQ,-0.89
LGR,-1.29
LGS,-0.45
LGT,-0.51
LGV,-0.47
LGW,-0.71
LGY,-0.72
LHA,-1.07
LHC,-0.59
LHD,-1.48
LHE,-0.31
LHF,-2.05
LHG,0.43
LHH,-1.43
LHI,-1.74
LHK,-0.71
LHL,-2.14
LHM,-2.35
LHN,-1.39
LHP,-1.21
LHQ,-0.68
LHR,-1.53
LHS,-0.97
LHT,-1.96
LHV,-2.31
LHW,-1.39
LHY,-2.15
LIA,-1.22
LIC,-1.16
LID,-1.55
LIE,-1.10
LIF,-0.89
LIG,-0.85
LIH,-1.67
LII,-0.95
LIK,-1.52
LIL,-1.49
LIM,-1.27
LIN,-1.26
LIP,-1.15
LIQ,-1.71
LIR,-1.25
LIS,-1.18
LIT,-1.08
LIV,-1.14
LIW,-0.91
LIY,-0.98
LKA,-1.05
LKC,-1.15
LKD,-2.03
LKE,-1.32
LKF,-1.82
LKG,-1.44
LKH,-1.52
LKI,-1.83
LKK,-2.17
LKL,-2.34
LKM,-2.18
LKN,-1.35
LKP,-0.86
LKQ,-1.38
LKR,-2.16
LKS,-1.61
LKT,-2.14
LKV,-1.77
LKW,-1.12
LKY,-1.32
LLA,-0.66
LLC,-1.09
LLD,-1.38
LLE,-1.26
LLF,-1.66
LLG,-0.88
LLH,-1.05
LLI,-1.29
LLK,-1.27
LLL,-1.05
LLM,-0.85
LLN,-1.11
LLP,-0.64
LLQ,-1.24
LLR,-1.25
LLS,-0.94
LLT,-0.87
LLV,-1.17
LLW,-1.30
LLY,-0.92
LMA,-1.18
LMC,-0.63
LMD,-1.65
LME,-1.36
LMF,-1.73
LMG,-0.76
LMH,-2.05
LMI,-1.60
LMK,-1.77
LML,-1.41
LMM,-1.51
LMN,-1.32
LMP,-1.00
LMQ,-1.25
LMR,-1.78
LMS,-1.43
LMT,-1.63
LMV,-1.36
LMW,-1.64
LMY,-1.38
LNA,-0.98
LNC,-0.97
LND,-0.44
LNE,-0.46
LNF,-0.96
LNG,0.12
LNH,-0.98
LNI,-1.45
LNK,-0.79
LNL,-0.84
LNM,-0.97
LNN,-0.38
LNP,-0.96
LNQ,-0.92
LNR,-1.42
LNS,-0.87
LNT,-1.48
LNV,-1.33
LNW,-1.10
LNY,-0.94
LPA,-0.74
LPC,-0.88
LPD,-0.82
LPE,-0.83
LPF,-0.85
LPG,-0.85
LPH,-0.68
LPI,-1.05
LPK,-1.12
LPL,-1.12
LPM,-1.31
LPN,-0.86
LPP,-0.55
LPQ,-0.81
LPR,-1.02
LPS,-0.64
LPT,-0.54
LPV,-1.21
LPW,-0.91
LPY,-0.77
LQA,-1.19
LQC,-1.38
LQD,-1.42
LQE,-0.59
LQF,-1.41
LQG,-0.82
LQH,-1.18
LQI,-1.53
LQK,-1.57
LQL,-1.58
LQM,-1.13
LQN,-0.38
LQP,-1.49
LQQ,-1.43
LQR,-0.89
LQS,-1.59
LQT,-1.37
LQV,-1.69
LQW,-1.39
LQY,-1.79
LRA,-1.65
LRC,-1.85
LRD,-1.33
LRE,-1.52
LRF,-1.49
LRG,-1.19
LRH,-1.89
LRI,-2.27
LRK,-1.53
LRL,-0.98
LRM,-1.50
LRN,-1.75
LRP,-1.52
LRQ,-1.52
LRR,-1.19
LRS,-1.14
LRT,-1.57
LRV,-2.11
LRW,-1.53
LRY,-1.15
LSA,-1.11
LSC,-1.60
LSD,-0.83
LSE,-1.30
LSF,-1.63
LSG,-0.65
LSH,-0.52
LSI,-1.73
LSK,-1.68
LSL,-1.55
LSM,-2.05
LSN,-0.86
LSP,-1.18
LSQ,-0.54
LSR,-0.75
LSS,-1.16
LST,-1.22
LSV,-1.44
LSW,-1.39
LSY,-1.52
LTA,-1.36
LTC,-1.73
LTD,-1.79
LTE,-1.54
LTF,-1.87
LTG,-1.16
LTH,-0.35
LTI,-2.06
LTK,-1.50
LTL,-1.76
LTM,-2.10
LTN,-1.57
LTP,-0.88
LTQ,-2.21
LTR,-1.43
LTS,-1.40
LTT,-1.36
LTV,-1.77
LTW,-1.61
LTY,-1.61
LVA,-0.78
LVC,-0.94
LVD,-1.05
LVE,-1.08
LVF,-1.14
LVG,-0.57
LVH,-1.05
LVI,-2.14
LVK,-1.37
LVL,-1.69
LVM,-1.13
LVN,-0.83
LVP,-1.28
LVQ,-0.80
LVR,-1.29
LVS,-0.86
LVT,-1.00
LVV,-1.14
LVW,-1.15
LVY,-0.76
LWA,-1.53
LWC,-1.54
LWD,-1.68
LWE,-1.47
LWF,-1.53
LWG,-1.38
LWH,-1.16
LWI,-1.31
LWK,-1.79
LWL,-1.08
LWM,-1.68
LWN,-1.51
LWP,-0.87
LWQ,-1.53
LWR,-1.36
LWS,-1.11
LWT,-1.64
LWV,-0.84
LWW,-1.20
LWY,-1.31
LYA,-0.62
LYC,-0.54
LYD,-0.95
LYE,-0.90
LYF,-0.97
LYG,-0.16
LYH,-1.49
LYI,-1.60
LYK,-1.33
LYL,-1.37
LYM,-1.56
LYN,-1.06
LYP,-0.54
LYQ,-1.12
LYR,-1.18
LYS,-0.70
LYT,-1.17
LYV,-1.06
LYW,-1.04
LYY,-0.68
MAA,-1.45
MAC,-1.40
MAD,-1.87
MAE,-1.88
MAF,-1.33
MAG,-1.49
MAH,-1.11
MAI,-1.42
MAK,-0.80
MAL,-1.08
MAM,-1.00
MAN,-1.15
MAP,-1.39
MAQ,-1.25
MAR,-1.32
MAS,-1.55
MAT,-1.04
MAV,-1.21
MAW,-1.17
MAY,-1.02
MCA,-1.38
MCC,-1.43
MCD,-1.19
MCE,-1.41
MCF,-1.54
MCG,-0.96
MCH,-1.89
MCI,-1.83
MCK,-1.48
MCL,-1.41
MCM,-1.07
MCN,-1.53
MCP,-0.74
MCQ,-1.27
MCR,-0.96
MCS,-1.65
MCT,-1.48
MCV,-1.47
MCW,-1.65
MCY,-1.44
MDA,-1.04
MDC,-1.28
MDD,-1.70
MDE,-2.37
MDF,-1.66
MDG,-1.84
MDH,-1.54
MDI,-1.69
MDK,-1.79
MDL,-1.14
MDM,-0.75
MDN,-1.63
MDP,-1.37
MDQ,-1.10
MDR,-1.74
MDS,-1.86
MDT,-1.09
MDV,-1.35
MDW,-1.40
MDY,-1.67
MEA,-1.55
MEC,-1.55
MED,-2.03
MEE,-0.83
MEF,-1.61
MEG,-1.45
MEH,-2.00
MEI,-1.64
MEK,-1.63
MEL,-1.64
MEM,-1.95
MEN,-0.93
MEP,-1.62
MEQ,-2.40
MER,-1.45
MES,-1.26
MET,-1.49
MEV,-1.71
MEW,-1.67
MEY,-1.43
MFA,-1.45
MFC,-1.31
MFD,-1.95
MFE,-1.38
MFF,-0.99
MFG,-1.24
MFH,-1.74
MFI,-1.44
MFK,-1.76
MFL,-1.28
MFM,-1.26
MFN,-1.18
MFP,-1.01
MFQ,-1.33
MFR,-1.43
MFS,-1.41
MFT,-2.26
MFV,-1.10
MFW,-1.24
MFY,-1.49
MGA,-0.82
MGC,-1.20
MGD,-1.17
MGE,-0.79
MGF,-1.11
MGG,-1.23
MGH,-1.12
MGI,-1.27
MGK,-1.25
MGL,-0.96
MGM,-0.64
MGN,-1.20
MGP,-0.54
MGQ,-0.83
MGR,-1.94
MGS,-1.43
MGT,-0.92
MGV,-0.92
MGW,-1.00
MGY,-1.26
MHA,-1.29
MHC,-1.57
MHD,-0.96
MHE,-1.77
MHF,-1.22
MHG,-1.43
MHH,-1.34
MHI,-2.26
MHK,-1.96
MHL,-1.43
MHM,-1.49
MHN,-1.38
MHP,-1.30
MHQ,-1.78
MHR,-0.79
MHS,-1.00
MHT,-1.39
MHV,-1.12
MHW,-1.48
MHY,-1.47
MIA,-0.84
MIC,-0.99
MID,-1.42
MIE,-1.04
MIF,-0.92
MIG,-0.75
MIH,-1.40
MII,-1.46
MIK,-1.76
MIL,-1.03
MIM,-1.06
MIN,-1.07
MIP,-0.58
MIQ,-0.92
MIR,-0.94
MIS,-1.13
MIT,-1.36
MIV,-1.22
MIW,-1.05
MIY,-0.83
MKA,-1.12
MKC,-1.83
MKD,-1.78
MKE,-2.00
MKF,-1.59
MKG,-1.44
MKH,-1.97
MKI,-1.34
MKK,-2.14
MKL,-1.32
MKM,-1.71
MKN,-1.86
MKP,-1.29
MKQ,-1.99
MKR,-2.24
MKS,-1.65
MKT,-1.03
MKV,-1.57
MKW,-1.09
MKY,-1.52
MLA,-1.07
MLC,-1.02
MLD,-1.23
MLE,-1.21
MLF,-1.17
MLG,-0.76
MLH,-0.98
MLI,-1.14
MLK,-1.02
MLL,-0.94
MLM,-0.75
MLN,-1.11
MLP,-0.42
MLQ,-1.10
MLR,-1.24
MLS,-0.94
MLT,-1.27
MLV,-0.75
MLW,-1.11
MLY,-0.98
MMA,-1.35
MMC,-1.59
MMD,-1.93
MME,-1.63
MMF,-0.67
MMG,-0.76
MMH,-1.30
MMI,-1.70
MMK,-2.08
MML,-1.17
MMM,-1.35
MMN,-1.24
MMP,-0.95
MMQ,-1.59
MMR,-1.00
MMS,-1.50
MMT,-2.29
MMV,-1.52
MMW,-1.54
MMY,-1.13
MNA,-0.68
MNC,-1.28
MND,-1.42
MNE,-0.77
MNF,-1.52
MNG,-1.26
MNH,-1.91
MNI,-0.88
MNK,-1.28
MNL,-1.47
MNM,-1.20
MNN,-0.85
MNP,-1.31
MNQ,-0.63
MNR,-1.53
MNS,-1.19
MNT,-1.32
MNV,-1.72
MNW,-1.27
MNY,-1.53
MPA,-0.80
MPC,-1.18
MPD,-1.13
MPE,-1.03
MPF,-1.21
MPG,-0.75
MPH,-1.53
MPI,-1.13
MPK,-0.69
MPL,-1.37
MPM,-1.40
MPN,-0.91
MPP,-0.73
MPQ,-1.05
MPR,-1.07
MPS,-1.27
MPT,-1.15
MPV,-1.26
MPW,-0.73
MPY,-1.10
MQA,-1.08
MQC,-1.06
MQD,-1.35
MQE,-0.90
MQF,-1.68
MQG,-0.95
MQH,-1.45
MQI,-1.92
MQK,-1.10
MQL,-1.08
MQM,-1.43
MQN,-1.07
MQP,-1.50
MQQ,-1.66
MQR,-0.51
MQS,-1.40
MQT,-1.38
MQV,-1.91
MQW,-0.97
MQY,-1.18
MRA,-1.62
MRC,-1.29
MRD,-1.26
MRE,-1.44
MRF,-1.47
MRG,-1.10
MRH,-2.04
MRI,-1.43
MRK,-1.76
MRL,-1.52
MRM,-1.57
MRN,-1.64
MRP,-1.54
MRQ,-1.95
MRR,-1.97
MRS,-1.31
MRT,-1.78
MRV,-1.48
MRW,-1.07
MRY,-1.07
MSA,-1.53
MSC,-1.83
MSD,-1.84
MSE,-1.86
MSF,-1.90
MSG,-1.62
MSH,-1.64
MSI,-2.01
MSK,-1.78
MSL,-1.90
MSM,-0.95
MSN,-0.96
MSP,-1.10
MSQ,-2.13
MSR,-1.68
MSS,-1.64
MST,-1.17
MSV,-1.00
MSW,-1.71
MSY,-1.34
MTA,-0.60
MTC,-1.86
MTD,-1.92
MTE,-1.74
MTF,-1.67
MTG,-1.30
MTH,-1.54
MTI,-1.58
MTK,-1.29
MTL,-0.80
MTM,-1.92
MTN,-0.43
MTP,-0.92
MTQ,-1.55
MTR,-1.68
MTS,-1.47
MTT,-2.03
MTV,-1.82
MTW,-1.46
MTY,-1.17
MVA,-1.17
MVC,-1.27
MVD,-1.29
MVE,-1.36
MVF,-1.02
MVG,-1.00
MVH,-1.57
MVI,-1.66
MVK,-1.59
MVL,-0.74
MVM,-1.61
MVN,-1.38
MVP,-0.58
MVQ,-1.48
MVR,-1.12
MVS,-1.09
MVT,-1.48
MVV,-1.52
MVW,-1.16
MVY,-0.84
MWA,-1.68
MWC,-1.34
MWD,-1.85
MWE,-1.45
MWF,-0.97
MWG,-1.19
MWH,-2.03
MWI,-1.53
MWK,-2.31
MWL,-1.10
MWM,-1.57
MWN,-1.78
MWP,-1.03
MWQ,-1.76
MWR,-1.68
MWS,-1.40
MWT,-1.89
MWV,-1.25
MWW,-1.60
MWY,-1.32
MYA,-1.00
MYC,-1.04
MYD,-1.34
MYE,-1.29
MYF,-1.19
MYG,-0.89
MYH,-1.84
MYI,-1.60
MYK,-1.11
MYL,-1.08
MYM,-1.13
MYN,-1.26
MYP,-0.52
MYQ,-1.62
MYR,-1.16
MYS,-0.81
MYT,-0.97
MYV,-1.09
MYW,-1.24
MYY,-1.22
NAA,-0.58
NAC,-1.05
NAD,-0.70
NAE,-1.05
NAF,-0.98
NAG,-0.50
NAH,-0.87
NAI,-1.00
NAK,-1.27
NAL,-1.12
NAM,-1.36
NAN,-0.74
NAP,-0.72
NAQ,-1.32
NAR,-1.08
NAS,-0.57
NAT,-0.73
NAV,-0.90
NAW,-1.10
NAY,-1.76
NCA,-1.49
NCC,-1.99
NCD,-0.89
NCE,-1.10
NCF,-1.59
NCG,-1.12
NCH,-1.28
NCI,-0.77
NCK,-1.48
NCL,-1.50
NCM,-0.89
NCN,-0.96
NCP,-0.63
NCQ,-1.43
NCR,-1.53
NCS,-0.77
NCT,-1.31
NCV,-0.68
NCW,-1.42
NCY,-1.13
NDA,-1.33
NDC,-1.61
NDD,-0.45
NDE,-0.50
NDF,-1.37
NDG,-0.45
NDH,-1.38
NDI,-1.39
NDK,-0.87
NDL,-1.24
NDM,-1.72
NDN,-0.71
NDP,-0.72
NDQ,-0.98
NDR,-1.90
NDS,-1.51
NDT,-2.01
NDV,-1.13
NDW,-1.19
NDY,-1.63
NEA,-1.13
NEC,-1.16
NED,-1.01
NEE,0.10
NEF,-1.47
NEG,-0.00
NEH,-1.34
NEI,-1.32
NEK,-1.07
NEL,-1.49
NEM,-1.81
NEN,-0.60
NEP,-0.64
NEQ,-0.72
NER,-1.41
NES,-1.11
NET,-1.10
NEV,-1.26
NEW,-1.34
NEY,-1.62
NFA,-1.05
NFC,-0.89
NFD,-1.44
NFE,-1.19
NFF,-0.94
NFG,-1.01
NFH,-1.74
NFI,-1.38
NFK,-1.88
NFL,-1.50
NFM,-1.77
NFN,-1.26
NFP,-0.87
NFQ,-0.88
NFR,-1.53
NFS,-1.72
NFT,-1.70
NFV,-1.59
NFW,-1.40
NFY,-1.15
NGA,-0.81
NGC,-0.64
NGD,-1.08
NGE,-0.94
NGF,-1.55
NGG,-0.67
NGH,-0.69
NGI,-0.66
NGK,-0.84
NGL,-0.89
NGM,-0.75
NGN,-1.36
NGP,-0.68
NGQ,-0.86
NGR,-1.48
NGS,-0.86
NGT,-0.77
NGV,-0.89
NGW,-1.20
NGY,-1.54
NHA,-0.57
NHC,-0.76
NHD,0.31
NHE,-0.03
NHF,-1.16
NHG,-0.43
NHH,-0.21
NHI,-0.67
NHK,-0.59
NHL,-1.13
NHM,-0.92
NHN,-0.33
NHP,-0.69
NHQ,-0.77
NHR,-1.60
NHS,-0.53
NHT,-0.11
NHV,-1.31
NHW,-1.24
NHY,-0.44
NIA,-0.34
NIC,-0.90
NID,-1.29
NIE,-1.28
NIF,-1.22
NIG,-0.58
NIH,-0.58
NII,-1.06
NIK,-1.43
NIL,-1.18
NIM,-1.17
NIN,-1.41
NIP,-0.74
NIQ,-1.41
NIR,-0.95
NIS,-0.80
NIT,-0.90
NIV,-1.49
NIW,-1.01
NIY,-0.79
NKA,-1.30
NKC,-1.30
NKD,-0.18
NKE,-1.38
NKF,-1.21
NKG,-0.74
NKH,-1.92
NKI,-1.37
NKK,-1.42
NKL,-1.27
NKM,-1.67
NKN,-0.21
NKP,-0.72
NKQ,-1.46
NKR,-1.06
NKS,-0.80
NKT,-1.68
NKV,-1.17
NKW,-0.91
NKY,-0.81
NLA,-0.88
NLC,-1.10
NLD,-0.94
NLE,-1.16
NLF,-0.94
NLG,-0.54
NLH,-1.19
NLI,-1.04
NLK,-1.43
NLL,-1.42
NLM,-1.03
NLN,-1.20
NLP,-0.69
NLQ,-1.22
NLR,-1.35
NLS,-0.84
NLT,-1.41
NLV,-0.93
NLW,-1.71
NLY,-1.15
NMA,-1.26
NMC,-1.48
NMD,-1.82
NME,-1.25
NMF,-1.21
NMG,-1.15
NMH,-0.86
NMI,-1.28
NMK,-1.98
NML,-1.32
NMM,-1.37
NMN,-1.52
NMP,-0.69
NMQ,-0.99
NMR,-1.36
NMS,-1.62
NMT,-2.17
NMV,-1.14
NMW,-1.57
NMY,-1.77
NNA,-0.52
NNC,-1.33
NND,-1.05
NNE,-0.77
NNF,-1.41
NNG,-1.11
NNH,-1.19
NNI,-0.74
NNK,-0.95
NNL,-1.14
NNM,-1.21
NNN,-1.34
NNP,-0.33
NNQ,-1.24
NNR,-1.00
NNS,-0.96
NNT,-0.23
NNV,-0.78
NNW,-1.35
NNY,-1.12
NPA,-0.68
NPC,-0.62
NPD,-0.74
NPE,-0.70
NPF,-1.06
NPG,-0.27
NPH,-1.23
NPI,-0.77
NPK,-0.75
NPL,-0.73
NPM,-0.82
NPN,-0.67
NPP,-0.47
NPQ,-0.88
NPR,-0.98
NPS,-0.78
NPT,-0.55
NPV,-0.76
NPW,-0.89
NPY,-0.53
NQA,0.00
NQC,-0.96
NQD,-0.82
NQE,-0.76
NQF,-0.89
NQG,-0.45
NQH,-0.91
NQI,-1.76
NQK,-1.68
NQL,-1.31
NQM,-1.47
NQN,-0.48
NQP,-0.53
NQQ,-0.74
NQR,-0.61
NQS,-0.85
NQT,-1.75
NQV,-0.82
NQW,-1.56
NQY,-0.37
NRA,-0.69
NRC,-0.72
NRD,-0.86
NRE,-0.71
NRF,-1.06
NRG,-0.93
NRH,-0.90
NRI,-1.65
NRK,-1.44
NRL,-1.63
NRM,-1.23
NRN,-1.28
NRP,-0.52
NRQ,-0.95
NRR,-1.29
NRS,-1.78
NRT,-1.28
NRV,-0.96
NRW,-1.34
NRY,-1.48
NSA,-1.14
NSC,-0.66
NSD,-1.36
NSE,-0.70
NSF,-0.68
NSG,-0.87
NSH,-0.45
NSI,-0.67
NSK,-0.59
NSL,-1.00
NSM,-1.18
NSN,-1.25
NSP,-0.46
NSQ,-1.02
NSR,-0.93
NSS,-0.77
NST,-0.85
NSV,-0.38
NSW,-1.02
NSY,-1.23
NTA,-0.79
NTC,-0.65
NTD,-0.62
NTE,-1.10
NTF,-1.06
NTG,-0.42
NTH,-0.37
NTI,-0.88
NTK,-1.33
NTL,-0.35
NTM,-1.20
NTN,-0.95
NTP,-0.08
NTQ,-0.75
NTR,-1.16
NTS,-1.14
NTT,-0.91
NTV,-0.67
NTW,-1.16
NTY,-0.74
NVA,-0.90
NVC,-1.15
NVD,-1.32
NVE,-1.03
NVF,-1.22
NVG,-0.85
NVH,-1.33
NVI,-1.07
NVK,-1.09
NVL,-0.90
NVM,-0.48
NVN,-1.17
NVP,-1.37
NVQ,-0.72
NVR,-1.29
NVS,-1.01
NVT,-1.11
NVV,-1.47
NVW,-1.01
NVY,-0.49
NWA,-1.72
NWC,-1.61
NWD,-1.63
NWE,-1.60
NWF,-1.31
NWG,-1.14
NWH,-2.10
NWI,-1.89
NWK,-2.24
NWL,-1.26
NWM,-1.39
NWN,-1.36
NWP,-1.20
NWQ,-1.49
NWR,-1.68
NWS,-1.60
NWT,-1.99
NWV,-1.71
NWW,-1.47
NWY,-0.89
NYA,-1.12
NYC,-1.09
NYD,-1.93
NYE,-1.50
NYF,-1.48
NYG,-0.71
NYH,-1.02
NYI,-1.52
NYK,-2.00
NYL,-1.25
NYM,-1.56
NYN,-1.47
NYP,-0.72
NYQ,-0.64
NYR,-1.02
NYS,-1.20
NYT,-1.93
NYV,-1.42
NYW,-1.39
NYY,-1.26
PAA,-0.42
PAC,-0.61
PAD,-0.37
PAE,-0.89
PAF,-0.91
PAG,-0.86
PAH,-0.88
PAI,-0.52
PAK,-0.54
PAL,-0.54
PAM,-1.03
PAN,-0.95
PAP,-0.64
PAQ,-0.90
PAR,-1.27
PAS,-0.57
PAT,-0.58
PAV,-0.68
PAW,-0.81
PAY,-0.95
PCA,-0.62
PCC,-0.55
PCD,-1.30
PCE,-0.87
PCF,-0.89
PCG,-0.77
PCH,-1.09
PCI,-0.92
PCK,-1.63
PCL,-0.26
PCM,-1.20
PCN,-1.18
PCP,-0.70
PCQ,-0.83
PCR,-1.48
PCS,-1.29
PCT,-0.27
PCV,-0.99
PCW,-0.98
PCY,-0.77
PDA,-0.96
PDC,-1.12
PDD,-0.19
PDE,-0.18
PDF,-1.15
PDG,0.46
PDH,-1.30
PDI,-1.28
PDK,-0.81
PDL,-1.08
PDM,-1.44
PDN,-0.22
PDP,-0.77
PDQ,-0.99
PDR,-1.27
PDS,-0.48
PDT,-1.15
PDV,-1.03
PDW,-0.97
PDY,-1.28
PEA,-0.87
PEC,-1.03
PED,-0.70
PEE,-0.88
PEF,-1.29
PEG,0.27
PEH,-1.40
PEI,-0.88
PEK,-0.72
PEL,-1.27
PEM,-1.65
PEN,-0.73
PEP,-0.47
PEQ,-1.35
PER,-1.34
PES,-0.57
PET,-0.71
PEV,-0.74
PEW,-1.32
PEY,-1.30
PFA,-0.75
PFC,-1.16
PFD,-0.91
PFE,-0.86
PFF,-1.30
PFG,-0.73
PFH,-1.42
PFI,-1.26
PFK,-1.73
PFL,-1.11
PFM,-0.89
PFN,-1.17
PFP,-0.84
PFQ,-1.26
PFR,-1.06
PFS,-1.09
PFT,-1.38
PFV,-1.42
PFW,-1.10
PFY,-1.23
PGA,0.00
PGC,-0.52
PGD,-0.43
PGE,-0.58
PGF,-0.53
PGG,-0.17
PGH,-0.42
PGI,-0.70
PGK,-0.73
PGL,-0.23
PGM,-0.84
PGN,-0.40
PGP,-0.45
PGQ,-0.66
PGR,-1.44
PGS,-0.32
PGT,-0.63
PGV,-0.46
PGW,-0.80
PGY,-0.58
PHA,-1.04
PHC,-0.92
PHD,-1.16
PHE,-1.34
PHF,-1.15
PHG,-0.13
PHH,-0.90
PHI,-0.98
PHK,-1.56
PHL,-0.94
PHM,-1.34
PHN,-0.94
PHP,-0.29
PHQ,-1.08
PHR,-1.77
PHS,-0.50
PHT,-1.18
PHV,-0.97
PHW,-1.44
PHY,-1.22
PIA,-0.85
PIC,-0.86
PID,-1.02
PIE,-1.29
PIF,-0.97
PIG,-1.11
PIH,-1.78
PII,-0.47
PIK,-1.39
PIL,-0.61
PIM,-1.19
PIN,-1.25
PIP,-0.48
PIQ,-1.60
PIR,-1.38
PIS,-1.43
PIT,-1.46
PIV,-1.15
PIW,-0.59
PIY,-0.55
PKA,-0.75
PKC,-1.11
PKD,-0.89
PKE,-1.12
PKF,-1.04
PKG,-0.54
PKH,-1.30
PKI,-1.29
PKK,-1.66
PKL,-0.86
PKM,-1.42
PKN,-0.99
PKP,-0.48
PKQ,-0.93
PKR,-1.46
PKS,-0.97
PKT,-0.74
PKV,-1.03
PKW,-0.91
PKY,-1.13
PLA,-1.10
PLC,-0.78
PLD,-1.05
PLE,-1.06
PLF,-0.78
PLG,-0.52
PLH,-1.65
PLI,-1.28
PLK,-1.75
PLL,-0.96
PLM,-1.00
PLN,-1.14
PLP,-0.61
PLQ,-0.79
PLR,-1.23
PLS,-0.80
PLT,-1.20
PLV,-1.25
PLW,-0.50
PLY,-0.84
PMA,-1.11
PMC,-1.41
PMD,-0.96
PME,-0.78
PMF,-0.91
PMG,-0.76
PMH,-2.02
PMI,-0.74
PMK,-1.63
PML,-0.64
PMM,-1.16
PMN,-1.01
PMP,-0.95
PMQ,-1.09
PMR,-1.22
PMS,-1.13
PMT,-1.57
PMV,-0.89
PMW,-1.24
PMY,-0.31
PNA,-0.62
PNC,-0.75
PND,-0.92
PNE,-0.61
PNF,-0.69
PNG,-0.86
PNH,-0.85
PNI,-0.85
PNK,-0.40
PNL,-0.41
PNM,-1.04
PNN,-0.93
PNP,-0.47
PNQ,-0.97
PNR,-1.42
PNS,-0.74
PNT,-0.87
PNV,-0.55
PNW,-0.85
PNY,-0.84
PPA,0.00
PPC,-0.40
PPD,-0.50
PPE,-0.73
PPF,-0.93
PPG,-0.51
PPH,-0.61
PPI,-0.81
PPK,-0.51
PPL,-0.52
PPM,-0.98
PPN,-0.59
PPP,-0.27
PPQ,-0.67
PPR,-1.12
PPS,-0.33
PPT,-0.50
PPV,-0.67
PPW,-0.64
PPY,-0.50
PQA,-0.91
PQC,-1.00
PQD,-1.14
PQE,-0.89
PQF,-0.60
PQG,-0.65
PQH,-1.20
PQI,-1.03
PQK,-0.97
PQL,-0.68
PQM,-1.11
PQN,-1.18
PQP,-0.32
PQQ,-1.01
PQR,-0.80
PQS,-1.04
PQT,-0.63
PQV,-0.86
PQW,-0.67
PQY,-0.64
PRA,-0.80
PRC,-1.33
PRD,-1.46
PRE,-1.03
PRF,-1.12
PRG,-1.05
PRH,-1.13
PRI,-1.13
PRK,-1.06
PRL,-0.94
PRM,-1.07
PRN,-1.14
PRP,-0.45
PRQ,-1.37
PRR,-1.37
PRS,-1.41
PRT,-1.26
PRV,-1.49
PRW,-0.71
PRY,-1.14
PSA,-0.86
PSC,-0.64
PSD,-1.33
PSE,-0.17
PSF,-0.91
PSG,-0.84
PSH,-1.44
PSI,-0.74
PSK,-1.26
PSL,-0.68
PSM,-1.14
PSN,-1.13
PSP,-0.79
PSQ,-1.02
PSR,-1.28
PSS,-1.13
PST,-0.72
PSV,-0.82
PSW,-1.11
PSY,-0.89
PTA,-0.52
PTC,-0.74
PTD,-0.36
PTE,-1.03
PTF,-0.82
PTG,-0.19
PTH,-0.75
PTI,-0.76
PTK,-1.08
PTL,-0.54
PTM,-0.75
PTN,-0.95
PTP,-0.44
PTQ,-0.86
PTR,-1.44
PTS,-0.51
PTT,-0.97
PTV,-0.64
PTW,-0.98
PTY,-0.90
PVA,-0.54
PVC,-0.60
PVD,-0.75
PVE,-0.84
PVF,-0.62
PVG,-0.61
PVH,-1.06
PVI,-0.89
PVK,-0.87
PVL,-0.90
PVM,-0.88
PVN,-0.77
PVP,-0.59
PVQ,-0.63
PVR,-1.54
PVS,-0.71
PVT,-1.19
PVV,-0.68
PVW,-0.95
PVY,-0.76
PWA,-1.39
PWC,-1.38
PWD,-1.19
PWE,-1.12
PWF,-1.12
PWG,-0.91
PWH,-1.41
PWI,-1.20
PWK,-2.29
PWL,-1.12
PWM,-0.96
PWN,-1.08
PWP,-0.49
PWQ,-1.46
PWR,-1.40
PWS,-1.42
PWT,-1.89
PWV,-1.20
PWW,-1.04
PWY,-1.17
PYA,-0.66
PYC,-0.81
PYD,-0.54
PYE,-0.88
PYF,-0.64
PYG,-0.89
PYH,-1.31
PYI,-1.09
PYK,-1.45
PYL,-0.95
PYM,-1.20
PYN,-1.24
PYP,-0.46
PYQ,-1.28
PYR,-1.25
PYS,-0.81
PYT,-1.15
PYV,-1.15
PYW,-1.27
PYY,-1.06
QAA,-0.64
QAC,-1.53
QAD,-0.84
QAE,-0.60
QAF,-1.20
QAG,-1.04
QAH,-1.06
QAI,-0.71
QAK,-0.60
QAL,-1.45
QAM,-0.65
QAN,-1.48
QAP,-0.63
QAQ,-0.79
QAR,-1.32
QAS,-1.02
QAT,-0.49
QAV,-0.66
QAW,-1.35
QAY,-1.29
QCA,-0.71
QCC,-0.78
QCD,-1.68
QCE,-1.24
QCF,-1.57
QCG,-1.09
QCH,-0.96
QCI,-1.09
QCK,-0.93
QCL,-1.20
QCM,-2.05
QCN,-0.95
QCP,-0.56
QCQ,-1.02
QCR,-0.95
QCS,-0.76
QCT,-2.01
QCV,-1.04
QCW,-1.14
QCY,-0.93
QDA,-1.09
QDC,-1.30
QDD,-1.18
QDE,-1.37
QDF,-1.38
QDG,-0.97
QDH,-1.75
QDI,-1.44
QDK,-1.55
QDL,-1.16
QDM,-1.09
QDN,-1.29
QDP,-0.55
QDQ,-0.78
QDR,-1.99
QDS,-1.03
QDT,-1.55
QDV,-1.42
QDW,-1.27
QDY,-1.54
QEA,-1.34
QEC,-1.02
QED,-0.72
QEE,-0.47
QEF,-1.77
QEG,-0.16
QEH,-0.72
QEI,-1.31
QEK,-1.02
QEL,-1.06
QEM,-1.81
QEN,-1.44
QEP,-0.61
QEQ,-1.74
QER,-0.66
QES,-0.74
QET,-1.13
QEV,-2.02
QEW,-1.62
QEY,-1.22
QFA,-1.25
QFC,-1.22
QFD,-1.21
QFE,-1.46
QFF,-1.39
QFG,-1.13
QFH,-1.53
QFI,-1.20
QFK,-1.72
QFL,-0.74
QFM,-1.38
QFN,-1.10
QFP,-0.62
QFQ,-1.41
QFR,-1.23
QFS,-1.58
QFT,-1.83
QFV,-0.70
QFW,-1.09
QFY,-0.69
QGA,-0.85
QGC,-0.61
QGD,-0.68
QGE,-1.03
QGF,-1.15
QGG,-0.63
QGH,-1.01
QGI,-0.65
QGK,-0.88
QGL,-0.36
QGM,-0.63
QGN,-0.92
QGP,-0.40
QGQ,-0.77
QGR,-1.07
QGS,-0.69
QGT,-1.30
QGV,-0.90
QGW,-0.96
QGY,-1.17
QHA,-0.74
QHC,-1.01
QHD,-0.53
QHE,-0.11
QHF,-1.34
QHG,-0.78
QHH,-0.54
QHI,-1.00
QHK,-0.50
QHL,-1.08
QHM,-1.65
QHN,-0.43
QHP,-0.21
QHQ,-0.92
QHR,-1.19
QHS,0.11
QHT,-1.74
QHV,-1.34
QHW,-0.77
QHY,-0.90
QIA,-0.97
QIC,-1.54
QID,-0.90
QIE,-1.24
QIF,-1.60
QIG,-0.73
QIH,-1.19
QII,-1.46
QIK,-1.34
QIL,-1.76
QIM,-1.13
QIN,-1.40
QIP,-1.27
QIQ,-1.13
QIR,-2.06
QIS,-1.48
QIT,-1.47
QIV,-1.34
QIW,-1.63
QIY,-0.94
QKA,-1.77
QKC,-0.85
QKD,-1.05
QKE,-1.14
QKF,-1.52
QKG,-1.18
QKH,-1.07
QKI,-1.14
QKK,-1.40
QKL,-1.36
QKM,-1.36
QKN,-1.80
QKP,-0.77
QKQ,-2.08
QKR,-1.80
QKS,-0.81
QKT,-1.51
QKV,-1.20
QKW,-1.16
QKY,-1.50
QLA,-0.81
QLC,-0.91
QLD,-0.89
QLE,-1.02
QLF,-1.13
QLG,-1.13
QLH,-0.64
QLI,-1.12
QLK,-1.48
QLL,-1.49
QLM,-1.56
QLN,-1.00
QLP,-0.46
QLQ,-1.46
QLR,-0.92
QLS,-1.12
QLT,-1.66
QLV,-1.33
QLW,-1.59
QLY,-1.01
QMA,-1.27
QMC,-1.42
QMD,-1.34
QME,-1.36
QMF,-1.50
QMG,-0.60
QMH,-1.67
QMI,-1.30
QMK,-1.76
QML,-1.06
QMM,-1.28
QMN,-1.22
QMP,-0.62
QMQ,-1.46
QMR,-1.33
QMS,-1.07
QMT,-1.66
QMV,-1.02
QMW,-1.52
QMY,-1.05
QNA,-1.16
QNC,-1.03
QND,-0.85
QNE,-1.56
QNF,-1.39
QNG,-0.83
QNH,-0.68
QNI,-1.22
QNK,-1.31
QNL,-1.11
QNM,-1.87
QNN,-1.52
QNP,-0.81
QNQ,-1.17
QNR,-1.30
QNS,-1.06
QNT,-1.20
QNV,-0.69
QNW,-1.80
QNY,-1.57
QPA,-0.69
QPC,-0.70
QPD,-0.79
QPE,-0.74
QPF,-0.66
QPG,-0.78
QPH,-0.84
QPI,-0.81
QPK,-1.24
QPL,-0.55
QPM,-1.17
QPN,-0.73
QPP,-0.72
QPQ,-1.01
QPR,-1.23
QPS,-0.64
QPT,-0.94
QPV,-1.19
QPW,-1.16
QPY,-0.62
QQA,-0.90
QQC,-1.03
QQD,-0.90
QQE,-0.33
QQF,-1.73
QQG,-0.39
QQH,-1.45
QQI,-1.69
QQK,-1.77
QQL,-1.62
QQM,-1.72
QQN,-0.92
QQP,-0.58
QQQ,-0.97
QQR,-1.55
QQS,-1.03
QQT,-0.94
QQV,-1.02
QQW,-1.27
QQY,-1.08
QRA,-1.09
QRC,-1.18
QRD,-0.21
QRE,-1.14
QRF,-1.36
QRG,-0.97
QRH,-1.33
QRI,-1.15
QRK,-0.65
QRL,-1.24
QRM,-1.16
QRN,-1.26
QRP,-0.38
QRQ,-1.48
QRR,-1.33
QRS,-1.49
QRT,-1.21
QRV,-0.75
QRW,-0.96
QRY,-1.31
QSA,-1.65
QSC,-0.95
QSD,-1.77
QSE,-0.68
QSF,-1.27
QSG,-0.96
QSH,-1.05
QSI,-1.32
QSK,-1.51
QSL,-0.83
QSM,-1.45
QSN,-1.28
QSP,-0.50
QSQ,-1.31
QSR,-1.34
QSS,-1.10
QST,-1.63
QSV,-0.76
QSW,-1.01
QSY,-1.52
QTA,-0.73
QTC,-0.77
QTD,-1.37
QTE,-1.07
QTF,-0.99
QTG,-0.43
QTH,-0.91
QTI,-0.88
QTK,-1.03
QTL,-1.23
QTM,-1.03
QTN,-0.82
QTP,-0.76
QTQ,-0.88
QTR,-1.06
QTS,-0.79
QTT,-0.75
QTV,-0.65
QTW,-1.27
QTY,-0.86
QVA,-0.67
QVC,-1.06
QVD,-1.02
QVE,-0.80
QVF,-0.76
QVG,-0.82
QVH,-0.93
QVI,-0.96
QVK,-0.91
QVL,-1.11
QVM,-1.16
QVN,-1.02
QVP,-0.85
QVQ,-1.24
QVR,-1.46
QVS,-0.63
QVT,-0.76
QVV,-0.89
QVW,-1.04
QVY,-0.45
QWA,-1.57
QWC,-0.76
QWD,-1.73
QWE,-1.68
QWF,-1.62
QWG,-1.31
QWH,-1.59
QWI,-1.45
QWK,-1.72
QWL,-1.07
QWM,-1.31
QWN,-1.40
QWP,-0.59
QWQ,-1.53
QWR,-1.19
QWS,-1.54
QWT,-1.47
QWV,-0.98
QWW,-1.29
QWY,-1.25
QYA,-0.98
QYC,-0.87
QYD,-1.38
QYE,-1.10
QYF,-1.73
QYG,-0.91
QYH,-0.92
QYI,-0.89
QYK,-1.59
QYL,-0.99
QYM,-1.58
QYN,-1.52
QYP,-0.34
QYQ,-1.15
QYR,-1.16
QYS,-1.51
QYT,-1.64
QYV,-0.99
QYW,-1.04
QYY,-1.29
RAA,-1.08
RAC,-0.95
RAD,-1.43
RAE,-1.06
RAF,-1.08
RAG,-0.52
RAH,-1.46
RAI,-1.04
RAK,-0.91
RAL,-0.79
RAM,-1.08
RAN,-0.86
RAP,-0.66
RAQ,-0.64
RAR,-1.60
RAS,-0.85
RAT,-0.37
RAV,-1.11
RAW,-1.46
RAY,-0.79
RCA,-0.97
RCC,-1.04
RCD,-1.25
RCE,-1.18
RCF,-1.35
RCG,-0.59
RCH,-1.21
RCI,-1.75
RCK,-0.98
RCL,-0.92
RCM,-1.62
RCN,-1.11
RCP,-0.60
RCQ,-1.02
RCR,-0.69
RCS,-0.99
RCT,-1.49
RCV,-0.74
RCW,-1.69
RCY,-1.22
RDA,-0.89
RDC,-0.88
RDD,-1.13
RDE,-1.12
RDF,-1.11
RDG,-1.19
RDH,-1.49
RDI,-1.31
RDK,-1.53
RDL,-1.33
RDM,-1.17
RDN,-1.31
RDP,-1.10
RDQ,-1.26
RDR,-1.55
RDS,-1.02
RDT,-1.50
RDV,-1.20
RDW,-1.33
RDY,-1.47
REA,-1.44
REC,-1.25
RED,-1.34
REE,-1.69
REF,-1.49
REG,-1.29
REH,-0.90
REI,-1.72
REK,-1.57
REL,-1.83
REM,-1.17
REN,-1.14
REP,-0.85
REQ,-0.87
RER,-1.43
RES,-0.96
RET,-1.33
REV,-1.89
REW,-1.67
REY,-1.50
RFA,-1.16
RFC,-0.90
RFD,-1.44
RFE,-1.24
RFF,-0.95
RFG,-0.80
RFH,-1.47
RFI,-0.94
RFK,-1.68
RFL,-0.99
RFM,-1.33
RFN,-1.48
RFP,-0.22
RFQ,-1.02
RFR,-1.38
RFS,-1.09
RFT,-1.42
RFV,-0.65
RFW,-1.44
RFY,-0.94
RGA,-0.53
RGC,-0.95
RGD,-1.42
RGE,-1.41
RGF,-0.94
RGG,-0.85
RGH,-1.31
RGI,-1.32
RGK,-1.00
RGL,-1.13
RGM,-1.25
RGN,-1.16
RGP,-0.21
RGQ,-0.87
RGR,-1.44
RGS,-0.78
RGT,-1.12
RGV,-0.97
RGW,-1.22
RGY,-0.75
RHA,-0.61
RHC,-1.03
RHD,-1.43
RHE,-1.06
RHF,-1.53
RHG,-1.15
RHH,-0.96
RHI,-1.72
RHK,-1.75
RHL,-1.30
RHM,-1.75
RHN,-1.42
RHP,-0.90
RHQ,-2.03
RHR,-1.64
RHS,-0.94
RHT,-1.17
RHV,-1.61
RHW,-1.75
RHY,-1.26
RIA,-1.15
RIC,-1.43
RID,-1.35
RIE,-1.28
RIF,-1.15
RIG,-1.05
RIH,-1.19
RII,-1.10
RIK,-1.67
RIL,-1.10
RIM,-1.10
RIN,-1.32
RIP,-0.67
RIQ,-1.28
RIR,-1.44
RIS,-1.00
RIT,-1.09
RIV,-1.27
RIW,-1.66
RIY,-0.70
RKA,-1.20
RKC,-1.37
RKD,-1.92
RKE,-1.34
RKF,-1.70
RKG,-0.82
RKH,-0.92
RKI,-1.69
RKK,-1.11
RKL,-1.53
RKM,-1.74
RKN,-1.93
RKP,-0.65
RKQ,-1.14
RKR,-0.96
RKS,-1.33
RKT,-1.67
RKV,-1.19
RKW,-1.98
RKY,-1.52
RLA,-0.37
RLC,-0.86
RLD,-1.15
RLE,-1.27
RLF,-1.47
RLG,-0.88
RLH,-1.04
RLI,-0.81
RLK,-0.87
RLL,-1.19
RLM,-0.83
RLN,-1.25
RLP,0.04
RLQ,-1.32
RLR,-1.15
RLS,-1.11
RLT,-0.93
RLV,-0.81
RLW,-1.62
RLY,-0.70
RMA,-1.02
RMC,-0.61
RMD,-1.37
RME,-1.41
RMF,-1.54
RMG,-1.05
RMH,-1.09
RMI,-1.62
RMK,-1.38
RML,-0.87
RMM,-1.40
RMN,-1.89
RMP,-0.27
RMQ,-1.15
RMR,-0.97
RMS,-1.06
RMT,-1.71
RMV,-0.75
RMW,-1.55
RMY,-0.81
RNA,-0.96
RNC,-1.10
RND,-1.90
RNE,-1.29
RNF,-1.05
RNG,-0.89
RNH,-1.29
RNI,-0.82
RNK,-1.25
RNL,-1.21
RNM,-1.50
RNN,-1.19
RNP,-0.85
RNQ,-1.01
RNR,-1.19
RNS,-1.22
RNT,-1.62
RNV,-1.61
RNW,-1.14
RNY,-1.20
RPA,-1.00
RPC,-0.86
RPD,-0.78
RPE,-0.81
RPF,-1.02
RPG,-0.34
RPH,-0.50
RPI,-1.22
RPK,-1.07
RPL,-0.81
RPM,-0.97
RPN,-0.55
RPP,-0.41
RPQ,-0.84
RPR,-0.83
RPS,-0.95
RPT,-1.16
RPV,-0.88
RPW,-1.51
RPY,-0.99
RQA,-0.65
RQC,-1.56
RQD,-1.16
RQE,-0.84
RQF,-1.10
RQG,-0.39
RQH,-1.29
RQI,-1.42
RQK,-0.91
RQL,-1.62
RQM,-1.49
RQN,-1.35
RQP,-0.53
RQQ,-0.83
RQR,-1.59
RQS,-0.98
RQT,-1.18
RQV,-1.85
RQW,-1.28
RQY,-1.48
RRA,-1.38
RRC,-1.71
RRD,-1.53
RRE,-1.56
RRF,-1.65
RRG,-1.11
RRH,-1.54
RRI,-1.51
RRK,-1.44
RRL,-1.46
RRM,-1.23
RRN,-1.79
RRP,-0.70
RRQ,-1.22
RRR,-1.44
RRS,-1.57
RRT,-0.88
RRV,-1.55
RRW,-1.37
RRY,-0.96
RSA,-1.09
RSC,-0.97
RSD,-1.41
RSE,-0.56
RSF,-1.08
RSG,-0.82
RSH,-1.61
RSI,-1.66
RSK,-1.36
RSL,-0.55
RSM,-0.97
RSN,-1.03
RSP,-0.79
RSQ,-1.04
RSR,-1.36
RSS,-1.26
RST,-1.29
RSV,-0.93
RSW,-1.37
RSY,-1.11
RTA,-1.21
RTC,-0.08
RTD,-1.04
RTE,-0.76
RTF,-1.27
RTG,-1.08
RTH,-1.42
RTI,-1.10
RTK,-1.18
RTL,-1.54
RTM,-1.18
RTN,-1.15
RTP,-1.15
RTQ,-1.11
RTR,-1.42
RTS,-0.99
RTT,-1.63
RTV,-1.63
RTW,-1.25
RTY,-0.60
RVA,-0.75
RVC,-0.94
RVD,-1.16
RVE,-1.25
RVF,-0.74
RVG,-0.44
RVH,-1.50
RVI,-1.61
RVK,-0.87
RVL,-1.00
RVM,-1.32
RVN,-0.76
RVP,-0.72
RVQ,-1.24
RVR,-1.35
RVS,-0.59
RVT,-1.65
RVV,-0.86
RVW,-1.48
RVY,-0.99
RWA,-1.44
RWC,-1.46
RWD,-1.53
RWE,-1.27
RWF,-1.19
RWG,-1.30
RWH,-1.69
RWI,-1.38
RWK,-1.96
RWL,-1.31
RWM,-1.43
RWN,-1.49
RWP,-0.57
RWQ,-1.20
RWR,-1.19
RWS,-1.39
RWT,-1.29
RWV,-0.92
RWW,-1.11
RWY,-1.40
RYA,-1.27
RYC,-1.23
RYD,-1.45
RYE,-1.47
RYF,-1.36
RYG,-0.93
RYH,-1.39
RYI,-1.35
RYK,-1.71
RYL,-1.68
RYM,-1.24
RYN,-1.43
RYP,-0.28
RYQ,-1.21
RYR,-1.41
RYS,-0.76
RYT,-1.24
RYV,-1.31
RYW,-1.29
RYY,-1.06
SAA,-0.61
SAC,-0.66
SAD,-1.72
SAE,-0.50
SAF,-1.05
SAG,-1.36
SAH,-1.10
SAI,-0.71
SAK,-1.33
SAL,-0.80
SAM,-1.32
SAN,-1.27
SAP,-0.41
SAQ,-0.78
SAR,-1.19
SAS,-0.97
SAT,-1.13
SAV,-0.53
SAW,-1.32
SAY,-1.26
SCA,-0.88
SCC,-0.94
SCD,-0.98
SCE,-1.09
SCF,-1.26
SCG,-0.35
SCH,-0.78
SCI,-1.17
SCK,-1.10
SCL,-0.80
SCM,-1.00
SCN,-1.38
SCP,-0.56
SCQ,-0.85
SCR,-0.95
SCS,-1.29
SCT,-1.05
SCV,-0.74
SCW,-1.22
SCY,-0.60
SDA,-1.15
SDC,-1.01
SDD,-0.39
SDE,-0.60
SDF,-1.49
SDG,-0.52
SDH,-0.93
SDI,-2.03
SDK,-0.85
SDL,-1.31
SDM,-1.89
SDN,-0.84
SDP,-0.47
SDQ,-1.26
SDR,-1.49
SDS,-1.04
SDT,-0.97
SDV,-1.16
SDW,-1.66
SDY,-2.05
SEA,-0.91
SEC,-0.66
SED,-0.19
SEE,-0.15
SEF,-1.94
SEG,-0.22
SEH,-1.45
SEI,-1.09
SEK,-1.40
SEL,-1.68
SEM,-2.07
SEN,-0.32
SEP,-0.44
SEQ,-1.79
SER,-1.16
SES,-1.40
SET,-0.88
SEV,-1.80
SEW,-1.50
SEY,-1.52
SFA,-0.78
SFC,-1.18
SFD,-1.77
SFE,-1.52
SFF,-1.42
SFG,-0.90
SFH,-1.50
SFI,-1.61
SFK,-1.73
SFL,-0.83
SFM,-1.50
SFN,-1.27
SFP,-0.96
SFQ,-1.35
SFR,-1.02
SFS,-1.37
SFT,-1.61
SFV,-1.20
SFW,-1.07
SFY,-1.32
SGA,-1.00
SGC,-0.88
SGD,-0.67
SGE,-0.62
SGF,-0.59
SGG,-1.54
SGH,-1.10
SGI,-0.67
SGK,-1.22
SGL,-0.62
SGM,-0.98
SGN,-1.07
SGP,-0.28
SGQ,-0.91
SGR,-1.53
SGS,-1.16
SGT,-1.24
SGV,-0.83
SGW,-1.18
SGY,-1.29
SHA,-1.15
SHC,-0.45
SHD,-0.29
SHE,-0.12
SHF,-1.31
SHG,-0.13
SHH,-1.16
SHI,-0.94
SHK,-0.55
SHL,-0.84
SHM,-1.48
SHN,-0.54
SHP,-0.40
SHQ,-0.63
SHR,-1.56
SHS,-0.28
SHT,-0.74
SHV,-1.17
SHW,-1.19
SHY,-1.06
SIA,-1.14
SIC,-1.04
SID,-0.96
SIE,-1.16
SIF,-0.88
SIG,-0.68
SIH,-1.49
SII,-1.08
SIK,-1.67
SIL,-0.36
SIM,-1.08
SIN,-0.72
SIP,-0.74
SIQ,-0.89
SIR,-1.18
SIS,-1.07
SIT,-1.48
SIV,-0.98
SIW,-0.79
SIY,-0.62
SKA,-1.58
SKC,-1.22
SKD,-1.23
SKE,-0.88
SKF,-0.67
SKG,-0.81
SKH,-1.20
SKI,-0.74
SKK,-1.66
SKL,-0.74
SKM,-1.37
SKN,-1.37
SKP,-0.30
SKQ,-1.75
SKR,-1.36
SKS,-0.77
SKT,-0.87
SKV,-0.76
SKW,-0.93
SKY,-0.80
SLA,-0.86
SLC,-1.06
SLD,-0.91
SLE,-0.89
SLF,-0.79
SLG,-0.68
SLH,-0.98
SLI,-0.88
SLK,-1.06
SLL,-0.82
SLM,-1.11
SLN,-1.15
SLP,-0.74
SLQ,-1.25
SLR,-1.32
SLS,-0.91
SLT,-1.45
SLV,-1.09
SLW,-0.70
SLY,-0.72
SMA,-1.65
SMC,-1.76
SMD,-1.77
SME,-1.55
SMF,-1.08
SMG,-1.00
SMH,-1.97
SMI,-1.03
SMK,-2.22
SML,-1.10
SMM,-1.17
SMN,-2.08
SMP,-1.14
SMQ,-1.30
SMR,-1.27
SMS,-1.69
SMT,-1.89
SMV,-1.34
SMW,-1.24
SMY,-0.93
SNA,-0.59
SNC,-0.81
SND,-0.85
SNE,-0.64
SNF,-0.69
SNG,-1.69
SNH,-1.76
SNI,-1.70
SNK,-0.72
SNL,-0.38
SNM,-1.03
SNN,-0.72
SNP,-0.21
SNQ,-0.90
SNR,-1.32
SNS,-0.91
SNT,-0.67
SNV,-0.66
SNW,-1.05
SNY,-1.24
SPA,-0.28
SPC,-0.47
SPD,-1.08
SPE,-0.65
SPF,-0.94
SPG,-0.43
SPH,-0.79
SPI,-0.80
SPK,-0.50
SPL,-0.41
SPM,-1.25
SPN,-0.40
SPP,-0.06
SPQ,-0.18
SPR,-0.32
SPS,-0.54
SPT,-0.50
SPV,-0.77
SPW,-1.23
SPY,-0.43
SQA,-1.63
SQC,-0.94
SQD,-1.11
SQE,-1.23
SQF,-0.71
SQG,-1.18
SQH,-0.87
SQI,-1.41
SQK,-0.73
SQL,-0.79
SQM,-1.11
SQN,-0.69
SQP,-0.48
SQQ,-0.96
SQR,-0.97
SQS,-0.84
SQT,-1.15
SQV,-0.79
SQW,-1.01
SQY,-0.31
SRA,-1.14
SRC,-0.59
SRD,-1.30
SRE,-1.22
SRF,-0.82
SRG,-1.15
SRH,-0.70
SRI,-0.99
SRK,-1.51
SRL,-1.35
SRM,-0.98
SRN,-1.07
SRP,-0.56
SRQ,-0.77
SRR,-1.51
SRS,-0.27
SRT,-1.30
SRV,-1.45
SRW,-0.94
SRY,-1.23
SSA,-1.89
SSC,-1.21
SSD,-1.31
SSE,-1.58
SSF,-0.71
SSG,-0.91
SSH,-0.83
SSI,-0.99
SSK,-1.47
SSL,-1.05
SSM,-1.72
SSN,-1.07
SSP,-0.69
SSQ,-0.74
SSR,-1.49
SSS,-0.86
SST,-1.65
SSV,-0.98
SSW,-1.27
SSY,-0.78
STA,-0.91
STC,-0.99
STD,-0.79
STE,-0.75
STF,-1.06
STG,-0.87
STH,-0.64
STI,-0.60
STK,-0.95
STL,-0.75
STM,-1.04
STN,-1.01
STP,-0.69
STQ,-0.74
STR,-0.99
STS,-1.31
STT,-1.26
STV,-0.83
STW,-1.54
STY,-0.87
SVA,-0.64
SVC,-0.99
SVD,-0.72
SVE,-0.74
SVF,-0.70
SVG,-0.57
SVH,-1.09
SVI,-1.34
SVK,-1.48
SVL,-0.89
SVM,-0.64
SVN,-0.64
SVP,-0.75
SVQ,-0.77
SVR,-0.89
SVS,-0.79
SVT,-0.85
SVV,-1.17
SVW,-1.14
SVY,-0.80
SWA,-1.44
SWC,-1.37
SWD,-1.35
SWE,-1.57
SWF,-1.23
SWG,-1.27
SWH,-1.29
SWI,-1.27
SWK,-1.54
SWL,-1.21
SWM,-1.99
SWN,-1.43
SWP,-0.63
SWQ,-1.49
SWR,-1.39
SWS,-1.60
SWT,-1.83
SWV,-1.51
SWW,-1.34
SWY,-1.37
SYA,-1.01
SYC,-1.15
SYD,-1.15
SYE,-1.34
SYF,-1.14
SYG,-0.85
SYH,-1.84
SYI,-1.74
SYK,-1.58
SYL,-1.11
SYM,-1.29
SYN,-1.22
SYP,-0.29
SYQ,-1.06
SYR,-0.89
SYS,-0.92
SYT,-1.12
SYV,-1.10
SYW,-1.15
SYY,-1.38
TAA,-0.73
TAC,-1.26
TAD,-0.99
TAE,-1.13
TAF,-1.01
TAG,-1.28
TAH,-1.02
TAI,-0.87
TAK,-1.25
TAL,-1.13
TAM,-1.30
TAN,-0.68
TAP,-0.65
TAQ,-0.82
TAR,-1.20
TAS,-1.09
TAT,-1.50
TAV,-0.98
TAW,-1.32
TAY,-1.16
TCA,-0.98
TCC,-1.00
TCD,-1.90
TCE,-1.65
TCF,-1.62
TCG,-1.08
TCH,-1.35
TCI,-1.52
TCK,-1.50
TCL,-1.35
TCM,-1.39
TCN,-0.86
TCP,-0.81
TCQ,-1.17
TCR,-1.67
TCS,-1.08
TCT,-1.55
TCV,-1.52
TCW,-1.01
TCY,-0.86
TDA,-0.86
TDC,-1.59
TDD,0.00
TDE,-0.26
TDF,-1.54
TDG,-0.28
TDH,-1.75
TDI,-1.39
TDK,-1.25
TDL,-0.99
TDM,-1.54
TDN,-0.40
TDP,-0.75
TDQ,-1.15
TDR,-1.50
TDS,-1.23
TDT,-1.88
TDV,-1.79
TDW,-1.27
TDY,-1.27
TEA,-0.60
TEC,-1.27
TED,0.19
TEE,-0.00
TEF,-1.40
TEG,0.05
TEH,-0.60
TEI,-1.14
TEK,-0.79
TEL,-1.82
TEM,-1.98
TEN,-0.17
TEP,-0.50
TEQ,-1.60
TER,-1.43
TES,-0.81
TET,-1.30
TEV,-2.25
TEW,-1.40
TEY,-1.63
TFA,-1.15
TFC,-1.36
TFD,-1.66
TFE,-1.39
TFF,-1.22
TFG,-1.22
TFH,-1.45
TFI,-1.47
TFK,-1.57
TFL,-0.43
TFM,-1.41
TFN,-1.81
TFP,-1.16
TFQ,-1.30
TFR,-1.18
TFS,-1.52
TFT,-1.93
TFV,-1.67
TFW,-1.59
TFY,-1.23
TGA,-0.58
TGC,-0.87
TGD,-0.67
TGE,-1.37
TGF,-1.00
TGG,-0.64
TGH,-1.20
TGI,-0.88
TGK,-1.10
TGL,-0.43
TGM,-0.99
TGN,-0.96
TGP,-0.45
TGQ,-0.67
TGR,-1.11
TGS,-0.73
TGT,-1.13
TGV,-0.73
TGW,-0.74
TGY,-1.03
THA,-0.53
THC,-1.02
THD,-0.52
THE,-0.45
THF,-1.12
THG,-0.50
THH,-0.66
THI,-1.32
THK,-1.14
THL,-1.35
THM,-1.23
THN,0.18
THP,-0.44
THQ,-1.39
THR,-1.06
THS,-0.56
THT,-1.30
THV,-1.02
THW,-1.28
THY,-0.97
TIA,-0.88
TIC,-0.76
TID,-1.71
TIE,-0.62
TIF,-0.81
TIG,-0.87
TIH,-2.07
TII,-1.17
TIK,-1.19
TIL,-0.20
TIM,-1.25
TIN,-1.21
TIP,-0.89
TIQ,-1.00
TIR,-1.30
TIS,-1.36
TIT,-1.76
TIV,-1.29
TIW,-1.37
TIY,-0.42
TKA,-1.41
TKC,-0.79
TKD,-1.35
TKE,-1.26
TKF,-0.53
TKG,-1.37
TKH,-1.35
TKI,-1.11
TKK,-2.03
TKL,-1.17
TKM,-1.57
TKN,-2.15
TKP,-0.62
TKQ,-1.41
TKR,-1.57
TKS,-1.79
TKT,-1.21
TKV,-0.99
TKW,-1.41
TKY,-0.74
TLA,-0.85
TLC,-1.26
TLD,-1.48
TLE,-1.43
TLF,-0.86
TLG,-1.10
TLH,-1.55
TLI,-1.36
TLK,-1.60
TLL,-1.13
TLM,-1.30
TLN,-1.15
TLP,-0.74
TLQ,-1.25
TLR,-1.39
TLS,-1.16
TLT,-1.70
TLV,-1.40
TLW,-1.23
TLY,-0.90
TMA,-1.68
TMC,-1.77
TMD,-1.56
TME,-1.72
TMF,-1.36
TMG,-1.26
TMH,-1.60
TMI,-1.44
TMK,-1.86
TML,-1.04
TMM,-0.95
TMN,-1.53
TMP,-0.94
TMQ,-1.49
TMR,-1.51
TMS,-1.67
TMT,-1.75
TMV,-1.79
TMW,-1.33
TMY,-0.99
TNA,-1.26
TNC,-0.83
TND,-1.45
TNE,0.09
TNF,-0.79
TNG,-0.48
TNH,-1.04
TNI,-1.22
TNK,-1.08
TNL,-1.30
TNM,-1.68
TNN,-0.98
TNP,-0.59
TNQ,-1.09
TNR,-0.70
TNS,-0.78
TNT,-0.96
TNV,-1.25
TNW,-1.43
TNY,-0.28
TPA,-0.49
TPC,-0.85
TPD,-1.12
TPE,-0.59
TPF,-0.82
TPG,-0.23
TPH,-0.64
TPI,-0.79
TPK,-0.57
TPL,-0.78
TPM,-0.90
TPN,-0.97
TPP,-0.34
TPQ,-0.38
TPR,-0.60
TPS,-0.52
TPT,-0.64
TPV,-0.76
TPW,-1.19
TPY,-0.64
TQA,-0.87
TQC,-0.87
TQD,-1.11
TQE,-1.31
TQF,-0.94
TQG,-1.32
TQH,-1.05
TQI,-1.81
TQK,-0.51
TQL,-1.53
TQM,-1.96
TQN,-0.81
TQP,-0.48
TQQ,-1.05
TQR,-0.81
TQS,-0.87
TQT,-1.23
TQV,-1.25
TQW,-1.03
TQY,-0.89
TRA,-0.83
TRC,-1.26
TRD,-1.19
TRE,-0.66
TRF,-1.25
TRG,-1.42
TRH,-1.11
TRI,-1.18
TRK,-1.75
TRL,-1.44
TRM,-1.28
TRN,-1.55
TRP,-0.68
TRQ,-0.76
TRR,-0.39
TRS,-1.15
TRT,-1.53
TRV,-1.18
TRW,-1.14
TRY,-1.16
TSA,-1.04
TSC,-1.06
TSD,-1.05
TSE,-0.70
TSF,-1.32
TSG,-1.46
TSH,-0.96
TSI,-0.96
TSK,-1.22
TSL,-1.37
TSM,-1.24
TSN,-2.46
TSP,-0.53
TSQ,-1.38
TSR,-1.48
TSS,-0.55
TST,-0.84
TSV,-1.07
TSW,-1.40
TSY,-1.52
TTA,-0.93
TTC,-1.10
TTD,-1.19
TTE,-0.72
TTF,-1.45
TTG,-0.71
TTH,-1.01
TTI,-1.12
TTK,-1.13
TTL,-0.68
TTM,-1.94
TTN,-0.99
TTP,-0.54
TTQ,-0.85
TTR,-1.62
TTS,-1.06
TTT,-1.13
TTV,-0.88
TTW,-1.71
TTY,-0.75
TVA,-0.89
TVC,-0.89
TVD,-1.12
TVE,-0.95
TVF,-1.25
TVG,-0.72
TVH,-1.36
TVI,-0.91
TVK,-1.46
TVL,-1.11
TVM,-0.73
TVN,-0.79
TVP,-0.91
TVQ,-0.94
TVR,-0.92
TVS,-0.95
TVT,-1.45
TVV,-1.02
TVW,-0.84
TVY,-0.62
TWA,-1.65
TWC,-1.70
TWD,-1.47
TWE,-1.71
TWF,-1.04
TWG,-1.52
TWH,-1.54
TWI,-1.38
TWK,-2.20
TWL,-1.84
TWM,-1.37
TWN,-1.43
TWP,-1.10
TWQ,-1.60
TWR,-1.41
TWS,-1.41
TWT,-1.84
TWV,-1.20
TWW,-1.19
TWY,-1.26
TYA,-1.01
TYC,-1.25
TYD,-1.45
TYE,-1.34
TYF,-1.50
TYG,-0.95
TYH,-1.64
TYI,-1.03
TYK,-1.30
TYL,-1.16
TYM,-1.52
TYN,-1.13
TYP,-0.70
TYQ,-1.86
TYR,-0.92
TYS,-1.29
TYT,-1.23
TYV,-1.02
TYW,-1.04
TYY,-1.24
VAA,-1.17
VAC,-0.86
VAD,-1.51
VAE,-0.72
VAF,-1.22
VAG,-1.05
VAH,-1.17
VAI,-0.87
VAK,-1.37
VAL,-1.14
VAM,-1.50
VAN,-0.65
VAP,-1.27
VAQ,-1.01
VAR,-1.38
VAS,-1.42
VAT,-0.49
VAV,-1.18
VAW,-1.11
VAY,-1.36
VCA,-1.01
VCC,-0.73
VCD,-0.66
VCE,-1.27
VCF,-1.47
VCG,-0.85
VCH,-0.79
VCI,-1.52
VCK,-0.89
VCL,-1.67
VCM,-1.58
VCN,-1.61
VCP,-1.13
VCQ,-1.11
VCR,-1.12
VCS,-0.75
VCT,-1.78
VCV,-1.17
VCW,-1.06
VCY,-0.77
VDA,-1.17
VDC,-0.89
VDD,-0.30
VDE,-0.50
VDF,-1.36
VDG,0.05
VDH,-1.23
VDI,-1.49
VDK,-0.88
VDL,-1.05
VDM,-1.56
VDN,-0.17
VDP,-0.78
VDQ,-1.33
VDR,-1.35
VDS,-1.20
VDT,-1.55
VDV,-1.46
VDW,-1.20
VDY,-1.38
VEA,-1.36
VEC,-1.38
VED,-0.63
VEE,0.23
VEF,-1.81
VEG,-0.93
VEH,-1.55
VEI,-1.48
VEK,-1.24
VEL,-1.57
VEM,-1.79
VEN,-1.55
VEP,-0.81
VEQ,-0.46
VER,-1.59
VES,-0.64
VET,-2.16
VEV,-1.55
VEW,-1.51
VEY,-1.40
VFA,-1.27
VFC,-1.87
VFD,-1.79
VFE,-1.60
VFF,-1.48
VFG,-1.35
VFH,-1.43
VFI,-2.04
VFK,-1.48
VFL,-0.79
VFM,-2.36
VFN,-1.09
VFP,-0.94
VFQ,-1.62
VFR,-1.09
VFS,-0.80
VFT,-1.87
VFV,-0.88
VFW,-1.30
VFY,-1.02
VGA,-0.13
VGC,-0.76
VGD,-0.99
VGE,-0.73
VGF,-0.59
VGG,-0.59
VGH,-1.39
VGI,-1.42
VGK,-0.47
VGL,-0.92
VGM,-1.12
VGN,-0.74
VGP,-0.36
VGQ,-0.67
VGR,-1.37
VGS,-0.73
VGT,-0.99
VGV,-0.39
VGW,-0.92
VGY,-0.73
VHA,0.20
VHC,-0.43
VHD,-0.24
VHE,-0.92
VHF,-1.24
VHG,0.26
VHH,-0.79
VHI,-2.22
VHK,-0.95
VHL,-2.37
VHM,-2.25
VHN,-0.99
VHP,-1.08
VHQ,-0.96
VHR,-0.81
VHS,0.48
VHT,-0.84
VHV,-1.70
VHW,-1.00
VHY,-1.66
VIA,-1.40
VIC,-1.19
VID,-1.24
VIE,-1.18
VIF,-0.51
VIG,-0.91
VIH,-0.60
VII,-0.78
VIK,-0.77
VIL,-1.14
VIM,-1.14
VIN,-1.21
VIP,-1.17
VIQ,-0.96
VIR,-1.29
VIS,-1.53
VIT,-1.65
VIV,-1.93
VIW,-0.86
VIY,-0.30
VKA,-1.73
VKC,-1.02
VKD,-1.48
VKE,-1.07
VKF,-0.82
VKG,-1.14
VKH,-0.94
VKI,-1.39
VKK,-1.65
VKL,-1.45
VKM,-1.28
VKN,-1.38
VKP,-1.05
VKQ,-1.34
VKR,-1.44
VKS,-1.51
VKT,-1.57
VKV,-1.90
VKW,-0.80
VKY,-0.99
VLA,-0.80
VLC,-1.08
VLD,-1.19
VLE,-1.15
VLF,-0.97
VLG,-0.74
VLH,-0.90
VLI,-1.22
VLK,-1.30
VLL,-1.19
VLM,-1.37
VLN,-1.30
VLP,-0.67
VLQ,-1.30
VLR,-0.97
VLS,-1.06
VLT,-1.26
VLV,-0.97
VLW,-1.26
VLY,-0.69
VMA,-0.96
VMC,-1.60
VMD,-1.80
VME,-1.33
VMF,-1.32
VMG,-1.31
VMH,-2.80
VMI,-1.08
VMK,-1.24
VML,-0.96
VMM,-1.19
VMN,-1.35
VMP,-1.43
VMQ,-1.39
VMR,-1.10
VMS,-1.27
VMT,-1.73
VMV,-1.18
VMW,-1.48
VMY,-1.14
VNA,-0.52
VNC,-0.11
VND,0.26
VNE,-0.51
VNF,-1.27
VNG,0.03
VNH,0.03
VNI,-1.25
VNK,-0.01
VNL,-0.87
VNM,-1.28
VNN,-0.78
VNP,-0.89
VNQ,-1.09
VNR,-1.33
VNS,-0.38
VNT,-1.57
VNV,-0.98
VNW,-1.10
VNY,-0.80
VPA,-0.37
VPC,-0.60
VPD,-0.73
VPE,-0.82
VPF,-0.81
VPG,-0.11
VPH,-0.55
VPI,-1.15
VPK,-0.54
VPL,-1.04
VPM,-0.80
VPN,-0.87
VPP,-0.41
VPQ,-0.55
VPR,-1.09
VPS,-0.48
VPT,-0.58
VPV,-0.57
VPW,-0.73
VPY,-0.69
VQA,-0.28
VQC,-1.08
VQD,0.26
VQE,-0.02
VQF,-1.25
VQG,0.18
VQH,-0.46
VQI,-1.42
VQK,-0.15
VQL,-1.95
VQM,-1.63
VQN,-0.47
VQP,-0.97
VQQ,-0.93
VQR,-1.09
VQS,-0.75
VQT,-0.96
VQV,-1.50
VQW,-1.34
VQY,-1.56
VRA,-1.26
VRC,-1.21
VRD,-0.42
VRE,-1.50
VRF,-1.59
VRG,-0.94
VRH,-0.68
VRI,-1.48
VRK,-1.26
VRL,-1.74
VRM,-1.66
VRN,-0.26
VRP,-0.96
VRQ,-1.05
VRR,-0.96
VRS,-1.45
VRT,-1.43
VRV,-1.84
VRW,-1.48
VRY,-0.89
VSA,-0.85
VSC,-1.02
VSD,-0.83
VSE,-1.49
VSF,-1.27
VSG,-0.23
VSH,-1.11
VSI,-1.27
VSK,-1.68
VSL,-1.48
VSM,-1.27
VSN,-0.37
VSP,-0.76
VSQ,-0.98
VSR,-1.56
VSS,-0.86
VST,-1.34
VSV,-1.41
VSW,-1.29
VSY,-0.86
VTA,-1.17
VTC,-1.21
VTD,-0.36
VTE,-0.80
VTF,-0.71
VTG,-1.07
VTH,-0.41
VTI,-1.43
VTK,-1.20
VTL,-1.57
VTM,-1.27
VTN,-1.24
VTP,-0.73
VTQ,-1.11
VTR,-1.01
VTS,-1.37
VTT,-1.61
VTV,-1.60
VTW,-1.56
VTY,-1.07
VVA,-0.77
VVC,-1.09
VVD,-0.67
VVE,-1.03
VVF,-0.28
VVG,-0.59
VVH,-1.61
VVI,-1.71
VVK,-0.71
VVL,-0.96
VVM,-1.34
VVN,-0.92
VVP,-0.83
VVQ,-0.96
VVR,-0.86
VVS,-0.76
VVT,-0.85
VVV,-1.00
VVW,-0.55
VVY,-0.37
VWA,-1.57
VWC,-1.19
VWD,-1.43
VWE,-1.32
VWF,-1.39
VWG,-1.18
VWH,-1.46
VWI,-1.53
VWK,-1.54
VWL,-1.26
VWM,-1.59
VWN,-1.14
VWP,-0.84
VWQ,-1.33
VWR,-1.34
VWS,-1.13
VWT,-1.48
VWV,-1.45
VWW,-1.07
VWY,-1.22
VYA,-0.91
VYC,-1.15
VYD,-1.28
VYE,-0.94
VYF,-1.07
VYG,-0.86
VYH,-1.81
VYI,-1.18
VYK,-1.06
VYL,-1.12
VYM,-1.52
VYN,-1.39
VYP,-0.69
VYQ,-1.37
VYR,-1.13
VYS,-1.15
VYT,-1.01
VYV,-1.18
VYW,-1.16
VYY,-1.05
WAA,-1.39
WAC,-1.65
WAD,-0.76
WAE,-0.83
WAF,-1.15
WAG,-0.36
WAH,-1.19
WAI,-1.32
WAK,-1.57
WAL,-1.13
WAM,-1.21
WAN,-1.19
WAP,-0.65
WAQ,-0.70
WAR,-1.30
WAS,-0.79
WAT,-1.85
WAV,-1.22
WAW,-1.02
WAY,-1.41
WCA,-1.38
WCC,-0.96
WCD,-1.28
WCE,-1.63
WCF,-1.15
WCG,-1.11
WCH,-1.76
WCI,-1.36
WCK,-1.45
WCL,-1.27
WCM,-1.70
WCN,-1.47
WCP,-0.29
WCQ,-1.36
WCR,-0.82
WCS,-1.63
WCT,-1.85
WCV,-1.31
WCW,-1.15
WCY,-1.19
WDA,-1.68
WDC,-1.37
WDD,-2.01
WDE,-1.97
WDF,-1.25
WDG,-1.49
WDH,-1.30
WDI,-1.26
WDK,-1.57
WDL,-1.30
WDM,-1.21
WDN,-1.76
WDP,-1.46
WDQ,-1.84
WDR,-1.22
WDS,-1.78
WDT,-1.36
WDV,-1.13
WDW,-0.99
WDY,-1.28
WEA,-1.25
WEC,-1.66
WED,-1.08
WEE,-1.54
WEF,-1.07
WEG,-1.46
WEH,-1.84
WEI,-1.23
WEK,-1.46
WEL,-1.12
WEM,-2.00
WEN,-1.65
WEP,-1.13
WEQ,-2.04
WER,-2.05
WES,-1.22
WET,-2.01
WEV,-1.20
WEW,-1.07
WEY,-1.36
WFA,-0.83
WFC,-1.31
WFD,-0.75
WFE,-0.44
WFF,-1.02
WFG,-1.06
WFH,-1.08
WFI,-0.85
WFK,-1.29
WFL,-1.00
WFM,-1.09
WFN,-1.18
WFP,-0.91
WFQ,-1.45
WFR,-1.66
WFS,-1.04
WFT,-1.48
WFV,-1.21
WFW,-1.15
WFY,-1.17
WGA,-0.97
WGC,-1.65
WGD,-1.28
WGE,-1.44
WGF,-0.84
WGG,-0.71
WGH,-1.49
WGI,-0.99
WGK,-1.91
WGL,-1.22
WGM,-1.49
WGN,-1.60
WGP,-0.82
WGQ,-1.72
WGR,-1.44
WGS,-1.76
WGT,-1.26
WGV,-1.19
WGW,-0.95
WGY,-1.09
WHA,-1.36
WHC,-1.53
WHD,-1.29
WHE,-1.60
WHF,-1.32
WHG,-0.98
WHH,-1.43
WHI,-2.02
WHK,-1.46
WHL,-1.42
WHM,-1.36
WHN,-1.47
WHP,-1.07
WHQ,-1.30
WHR,-1.57
WHS,-1.65
WHT,-1.50
WHV,-1.13
WHW,-1.43
WHY,-1.32
WIA,-0.67
WIC,-1.14
WID,-0.84
WIE,-1.18
WIF,-1.27
WIG,-0.45
WIH,-1.17
WII,-1.29
WIK,-0.88
WIL,-1.17
WIM,-1.38
WIN,-0.81
WIP,-0.20
WIQ,-1.41
WIR,-1.18
WIS,-1.40
WIT,-1.27
WIV,-1.25
WIW,-0.83
WIY,-1.01
WKA,-1.42
WKC,-1.35
WKD,-1.40
WKE,-1.36
WKF,-1.22
WKG,-1.28
WKH,-1.59
WKI,-1.46
WKK,-1.75
WKL,-1.29
WKM,-1.39
WKN,-1.44
WKP,-0.80
WKQ,-1.41
WKR,-1.45
WKS,-1.21
WKT,-1.25
WKV,-1.12
WKW,-1.40
WKY,-1.56
WLA,-0.80
WLC,-0.89
WLD,-0.82
WLE,-0.81
WLF,-0.91
WLG,-0.68
WLH,-0.95
WLI,-1.36
WLK,-1.22
WLL,-1.31
WLM,-1.37
WLN,-1.01
WLP,-0.10
WLQ,-1.16
WLR,-1.28
WLS,-0.91
WLT,-0.99
WLV,-0.39
WLW,-0.89
WLY,-0.95
WMA,-0.72
WMC,-1.39
WMD,-1.76
WME,-1.53
WMF,-1.04
WMG,-0.99
WMH,-2.00
WMI,-0.78
WMK,-1.49
WML,-1.09
WMM,-1.49
WMN,-1.62
WMP,-0.61
WMQ,-1.51
WMR,-1.02
WMS,-1.07
WMT,-1.50
WMV,-1.42
WMW,-1.30
WMY,-1.28
WNA,-1.38
WNC,-1.54
WND,-1.38
WNE,-0.95
WNF,-1.10
WNG,-1.30
WNH,-1.09
WNI,-1.32
WNK,-1.27
WNL,-1.24
WNM,-1.60
WNN,-0.90
WNP,-0.72
WNQ,-1.49
WNR,-1.61
WNS,-1.26
WNT,-1.34
WNV,-1.17
WNW,-0.93
WNY,-1.40
WPA,-0.39
WPC,-1.44
WPD,-1.26
WPE,-0.73
WPF,-1.09
WPG,-0.65
WPH,-0.66
WPI,-1.52
WPK,-1.89
WPL,-1.37
WPM,-1.22
WPN,-0.61
WPP,-0.31
WPQ,-1.10
WPR,-1.29
WPS,-0.25
WPT,-1.05
WPV,-0.83
WPW,-1.27
WPY,-0.69
WQA,-1.24
WQC,-0.80
WQD,-1.10
WQE,-1.11
WQF,-1.14
WQG,-1.06
WQH,-1.71
WQI,-1.16
WQK,-1.47
WQL,-1.59
WQM,-1.53
WQN,-1.06
WQP,-0.72
WQQ,-1.43
WQR,-1.39
WQS,-0.93
WQT,-1.51
WQV,-1.30
WQW,-0.96
WQY,-1.37
WRA,-1.28
WRC,-1.15
WRD,-1.59
WRE,-1.44
WRF,-1.03
WRG,-1.40
WRH,-1.75
WRI,-1.26
WRK,-1.73
WRL,-1.55
WRM,-1.33
WRN,-1.50
WRP,-1.78
WRQ,-1.42
WRR,-1.65
WRS,-1.69
WRT,-1.77
WRV,-1.30
WRW,-1.50
WRY,-0.90
WSA,-1.50
WSC,-1.60
WSD,-1.77
WSE,-1.92
WSF,-1.08
WSG,-0.40
WSH,-1.03
WSI,-1.20
WSK,-2.27
WSL,-1.40
WSM,-1.47
WSN,-1.08
WSP,-1.28
WSQ,-1.99
WSR,-1.95
WSS,-2.39
WST,-1.80
WSV,-1.66
WSW,-1.20
WSY,-1.26
WTA,-1.32
WTC,-0.94
WTD,-1.26
WTE,-1.44
WTF,-0.91
WTG,-0.48
WTH,-1.85
WTI,-1.55
WTK,-1.13
WTL,-1.48
WTM,-1.28
WTN,-1.97
WTP,-1.06
WTQ,-1.10
WTR,-2.15
WTS,-0.88
WTT,-1.88
WTV,-1.55
WTW,-1.32
WTY,-1.74
WVA,-0.42
WVC,-1.19
WVD,-1.13
WVE,-0.90
WVF,-0.99
WVG,-1.10
WVH,-1.10
WVI,-1.74
WVK,-0.81
WVL,-1.22
WVM,-1.21
WVN,-0.79
WVP,-0.51
WVQ,-0.91
WVR,-1.36
WVS,-1.57
WVT,-0.77
WVV,-0.99
WVW,-1.30
WVY,-1.27
WWA,-1.35
WWC,-1.57
WWD,-1.48
WWE,-1.64
WWF,-1.36
WWG,-0.99
WWH,-1.71
WWI,-1.29
WWK,-1.80
WWL,-1.21
WWM,-1.23
WWN,-1.03
WWP,-1.18
WWQ,-1.43
WWR,-1.43
WWS,-1.34
WWT,-1.43
WWV,-1.36
WWW,-0.92
WWY,-1.41
WYA,-0.99
WYC,-1.03
WYD,-0.98
WYE,-0.90
WYF,-1.22
WYG,-1.00
WYH,-1.28
WYI,-1.45
WYK,-0.70
WYL,-0.98
WYM,-1.22
WYN,-1.33
WYP,-1.18
WYQ,-1.26
WYR,-0.97
WYS,-1.44
WYT,-1.12
WYV,-0.97
WYW,-1.18
WYY,-1.41
YAA,-0.77
YAC,-1.03
YAD,-0.94
YAE,-0.66
YAF,-1.02
YAG,-0.64
YAH,-1.00
YAI,-1.29
YAK,-1.10
YAL,-0.73
YAM,-0.85
YAN,-1.04
YAP,-0.21
YAQ,-0.75
YAR,-1.31
YAS,-0.48
YAT,-1.00
YAV,-1.08
YAW,-1.01
YAY,-0.83
YCA,-0.97
YCC,-1.03
YCD,-1.32
YCE,-1.26
YCF,-1.23
YCG,-0.70
YCH,-1.06
YCI,-1.20
YCK,-1.05
YCL,-1.37
YCM,-1.20
YCN,-1.17
YCP,-0.52
YCQ,-0.91
YCR,-1.11
YCS,-0.97
YCT,-1.24
YCV,-1.13
YCW,-1.20
YCY,-1.16
YDA,-1.05
YDC,-1.11
YDD,-1.64
YDE,-1.37
YDF,-1.41
YDG,-0.36
YDH,-0.88
YDI,-1.36
YDK,-1.62
YDL,-0.84
YDM,-0.98
YDN,-1.46
YDP,-0.96
YDQ,-1.43
YDR,-1.79
YDS,-0.62
YDT,-0.93
YDV,-1.12
YDW,-1.01
YDY,-1.55
YEA,-1.27
YEC,-1.15
YED,0.00
YEE,-1.21
YEF,-1.16
YEG,-1.19
YEH,-1.20
YEI,-1.29
YEK,-1.35
YEL,-1.31
YEM,-1.12
YEN,-1.56
YEP,-0.95
YEQ,-1.01
YER,-1.69
YES,-1.00
YET,-1.09
YEV,-1.02
YEW,-1.07
YEY,-1.51
YFA,-0.67
YFC,-0.91
YFD,-1.50
YFE,-1.45
YFF,-1.05
YFG,-1.05
YFH,-1.35
YFI,-1.36
YFK,-1.71
YFL,-1.26
YFM,-1.34
YFN,-1.48
YFP,-0.51
YFQ,-0.81
YFR,-1.84
YFS,-1.37
YFT,-1.66
YFV,-1.85
YFW,-1.36
YFY,-1.53
YGA,-1.01
YGC,-0.89
YGD,-1.28
YGE,-1.36
YGF,-0.92
YGG,-0.62
YGH,-1.21
YGI,-0.83
YGK,-0.92
YGL,-0.77
YGM,-1.21
YGN,-1.04
YGP,-0.33
YGQ,-1.55
YGR,-1.39
YGS,-0.98
YGT,-0.97
YGV,-0.74
YGW,-1.10
YGY,-0.82
YHA,-0.95
YHC,-1.50
YHD,-0.99
YHE,-1.38
YHF,-1.65
YHG,-0.49
YHH,-1.48
YHI,-2.01
YHK,-1.19
YHL,-1.06
YHM,-1.36
YHN,-1.42
YHP,-1.36
YHQ,-1.42
YHR,-1.38
YHS,-0.84
YHT,-1.64
YHV,-1.39
YHW,-1.47
YHY,-1.40
YIA,-1.15
YIC,-0.89
YID,-1.05
YIE,-1.18
YIF,-1.35
YIG,-0.60
YIH,-1.22
YII,-1.56
YIK,-1.12
YIL,-1.24
YIM,-1.36
YIN,-1.51
YIP,-0.20
YIQ,-1.17
YIR,-1.24
YIS,-1.21
YIT,-1.09
YIV,-1.15
YIW,-1.47
YIY,-1.09
YKA,-1.61
YKC,-1.54
YKD,-1.46
YKE,-1.79
YKF,-0.75
YKG,-0.98
YKH,-1.16
YKI,-1.75
YKK,-1.83
YKL,-0.78
YKM,-1.44
YKN,-1.13
YKP,-0.64
YKQ,-1.31
YKR,-1.89
YKS,-1.69
YKT,-1.32
YKV,-1.14
YKW,-1.37
YKY,-1.07
YLA,-0.69
YLC,-0.95
YLD,-1.01
YLE,-0.52
YLF,-1.01
YLG,-0.62
YLH,-1.87
YLI,-1.12
YLK,-1.05
YLL,-1.05
YLM,-1.21
YLN,-1.36
YLP,-0.18
YLQ,-0.22
YLR,-1.33
YLS,-1.03
YLT,-0.71
YLV,-0.70
YLW,-1.63
YLY,-1.18
YMA,-1.29
YMC,-0.68
YMD,-1.80
YME,-1.32
YMF,-1.06
YMG,-1.41
YMH,-1.10
YMI,-1.57
YMK,-1.25
YML,-1.42
YMM,-1.23
YMN,-1.56
YMP,-0.59
YMQ,-1.67
YMR,-0.82
YMS,-1.24
YMT,-1.71
YMV,-0.99
YMW,-1.27
YMY,-1.37
YNA,-1.27
YNC,-1.03
YND,-1.15
YNE,-1.44
YNF,-1.14
YNG,-0.60
YNH,-1.51
YNI,-1.17
YNK,-1.25
YNL,-0.79
YNM,-1.08
YNN,-0.40
YNP,-0.91
YNQ,-0.71
YNR,-1.24
YNS,-1.38
YNT,-1.26
YNV,-1.42
YNW,-1.03
YNY,-1.28
YPA,-0.65
YPC,-0.89
YPD,-0.76
YPE,-1.22
YPF,-1.07
YPG,-0.71
YPH,-0.46
YPI,-1.17
YPK,-1.62
YPL,-1.44
YPM,-1.31
YPN,-0.59
YPP,-0.32
YPQ,-0.77
YPR,-0.64
YPS,-0.87
YPT,-0.77
YPV,-1.04
YPW,-0.76
YPY,-0.96
YQA,-0.92
YQC,-0.72
YQD,-0.72
YQE,-0.59
YQF,-1.04
YQG,-0.60
YQH,-1.44
YQI,-1.48
YQK,-0.59
YQL,-1.30
YQM,-1.28
YQN,-1.10
YQP,-1.00
YQQ,-1.09
YQR,-1.06
YQS,-0.97
YQT,-1.29
YQV,-1.31
YQW,-1.31
YQY,-1.28
YRA,-1.52
YRC,-1.08
YRD,-1.66
YRE,-1.32
YRF,-1.21
YRG,-1.39
YRH,-1.47
YRI,-1.75
YRK,-1.92
YRL,-1.51
YRM,-1.19
YRN,-1.41
YRP,-0.98
YRQ,-1.70
YRR,-1.58
YRS,-1.14
YRT,-1.35
YRV,-1.45
YRW,-0.97
YRY,-1.10
YSA,-0.73
YSC,-1.04
YSD,-1.47
YSE,-0.98
YSF,-1.06
YSG,-0.82
YSH,-0.99
YSI,-1.41
YSK,-0.79
YSL,-1.11
YSM,-1.09
YSN,-0.79
YSP,-0.53
YSQ,-1.39
YSR,-1.47
YSS,-1.15
YST,-1.00
YSV,-1.30
YSW,-1.34
YSY,-1.05
YTA,-1.19
YTC,-1.13
YTD,-1.91
YTE,-1.15
YTF,-1.28
YTG,-1.02
YTH,-0.67
YTI,-1.19
YTK,-1.57
YTL,-1.08
YTM,-1.50
YTN,-1.27
YTP,-0.28
YTQ,-1.24
YTR,-1.47
YTS,-2.23
YTT,-1.37
YTV,-1.18
YTW,-1.33
YTY,-1.40
YVA,-1.06
YVC,-1.04
YVD,-1.06
YVE,-0.92
YVF,-1.31
YVG,-0.49
YVH,-1.21
YVI,-1.13
YVK,-1.33
YVL,-1.27
YVM,-1.36
YVN,-0.36
YVP,-0.28
YVQ,-1.11
YVR,-0.68
YVS,-0.72
YVT,-0.78
YVV,-1.26
YVW,-1.54
YVY,-1.44
YWA,-1.23
YWC,-1.63
YWD,-1.88
YWE,-1.62
YWF,-1.67
YWG,-0.91
YWH,-1.63
YWI,-1.46
YWK,-2.20
YWL,-1.48
YWM,-1.53
YWN,-1.71
YWP,-0.77
YWQ,-1.32
YWR,-1.55
YWS,-1.78
YWT,-1.64
YWV,-1.34
YWW,-1.39
YWY,-1.06
YYA,-0.30
YYC,-0.92
YYD,-1.30
YYE,-1.18
YYF,-1.10
YYG,-0.71
YYH,-1.53
YYI,-1.18
YYK,-1.35
YYL,-0.89
YYM,-1.19
YYN,-1.31
YYP,-0.46
YYQ,-0.87
YYR,-1.53
YYS,-1.39
YYT,-1.33
YYV,-1.46
YYW,-1.53
YYY,-1.35
